country,gdp_pc_pp,pop,urbanization_rate,prepare_scaleup,borrow_abi,avg_prod_k,T_rebuild_K,pi,income_elast,rho,shareable,max_increased_spending,fa_glofris,protection,tau_tax,macro_multiplier,dK,dKtot,delta_W,delta_W_tot,average_aid_cost_pc,axfin,c,dc,dc_npv_post,dc_npv_pre,dk,dw,fa,gamma_SP,help_fee,help_received,k,n,social,v_shew,dWpc_currency,dWtot_currency,risk,resilience,risk_to_assets,help_needed,shew,v
Albania,9960.940730000,2897366,0.574070000,0.000000000,0.175000000,0.185279986,3.000000000,0.200000000,1.500000000,0.060000000,0.800000000,0.050000000,0.073680000,1.000000000,0.195849799,1.118347495,95.778359094,277504961.174609840,0.000002052,5.944242594,0.000000000,0.445400790,49804.703650000,95.778359094,107.113487930,107.113487930,95.778359094,0.000002052,0.004686977,5.000000000,0.000000000,0.000000000,268807.790397559,3.390565362,1.024928548,2.106000000,138.774333307,402080034.996282160,0.013931850,0.690173441,0.009615393,0.000000000,0.000000000,2.106000000
Angola,7488.011760000,21471618,0.440500000,0.000000000,0.175000000,0.432397391,3.000000000,0.200000000,1.500000000,0.060000000,0.800000000,0.050000000,0.017030000,1.000000000,0.125668031,1.351790414,10.993222976,236042284.322222292,0.000000800,17.183687969,0.000000000,0.896867210,37440.058800000,10.993222976,14.860533439,14.860533439,10.993222976,0.000000800,0.001520782,5.000000000,0.000000000,0.000000000,86587.152513876,3.397561979,0.647070725,3.100000000,35.283609706,757596189.268064380,0.004712013,0.311567412,0.001468110,0.000000000,0.000000000,3.100000000
Argentina,18087.196260000,41446246,0.917510000,0.733333333,0.375000000,0.269549515,3.000000000,0.200000000,1.500000000,0.060000000,0.800000000,0.050000000,0.072060000,1.000000000,0.151061906,1.197953886,78.450562229,3251481300.962961197,0.000000837,34.696880532,1.309241404,0.245851118,90435.981300000,78.450562229,93.980155886,93.980155886,78.450562229,0.000000837,0.003044027,5.000000000,1.309241404,1.309241404,335507.861472221,3.395357292,0.795328583,1.996021647,138.559549647,5742773180.325578690,0.007660643,0.566186614,0.004337353,0.000000000,3.200000000,2.289015650
Armenia,7526.836420000,2976566,0.626730000,0.400000000,0.425000000,0.366695721,3.000000000,0.200000000,1.500000000,0.060000000,0.800000000,0.050000000,0.038000000,1.000000000,0.269617356,1.289724411,53.248774505,158498491.731767833,0.000001695,5.044844794,0.532547784,0.051470236,37634.182100000,53.248774505,68.676244355,68.676244355,53.248774505,0.000001695,0.011000595,5.000000000,0.532547784,0.532547784,102630.546041310,3.381324591,1.493113134,1.170000000,75.305286577,224151155.643873096,0.010004905,0.707105396,0.007074523,0.000000000,1.600000000,1.250000000
Australia,42834.016760000,23129300,0.894230000,0.800000000,0.916666667,0.273602391,3.000000000,0.200000000,1.500000000,0.060000000,0.800000000,0.050000000,0.041090000,1.000000000,0.264161774,1.201782492,85.627946015,1980514451.754618406,0.000000197,4.551188105,2.974587738,3.262027200,214170.083800000,85.627946015,102.906166360,102.906166360,85.627946015,0.000000197,0.001271028,5.000000000,2.974587738,2.974587738,782778.553676874,3.398135158,1.539329652,2.397696000,118.711354136,2745710523.214900494,0.002771427,0.721312183,0.001999064,0.000000000,4.000000000,2.854400000
Austria,44056.254420000,8479823,0.659680000,0.800000000,0.891666667,0.232278518,3.000000000,0.200000000,1.500000000,0.060000000,0.800000000,0.050000000,0.079220000,1.000000000,0.266118095,1.162745317,93.914325832,796376860.217088699,0.000000207,1.751444503,6.001166595,2.709641400,220281.272100000,93.914325832,109.198442532,109.198442532,93.914325832,0.000000207,0.002178916,5.000000000,6.001166595,6.001166595,948349.738925993,3.396860675,1.540157321,1.283520000,130.004902460,1102418561.995932341,0.002950884,0.722390649,0.002131691,0.000000000,4.000000000,1.528000000
Azerbaijan,16593.188760000,9416801,0.546200000,0.000000000,0.250000000,0.598221283,3.000000000,0.200000000,1.500000000,0.060000000,0.800000000,0.050000000,0.057130000,1.000000000,0.428208034,1.508438278,42.870187639,403700025.825204790,0.000000479,4.514340343,0.000000000,0.099865936,82965.943800000,42.870187639,64.667032033,64.667032033,42.870187639,0.000000479,0.006485717,5.000000000,0.000000000,0.000000000,138687.716622597,3.387076963,2.418205620,1.250000000,69.712310104,656466951.501754880,0.004201261,0.614958643,0.002583602,0.000000000,0.000000000,1.250000000
Bangladesh,2853.447740000,156594962,0.342770000,0.733333333,0.616666667,0.289708908,3.000000000,0.200000000,1.500000000,0.060000000,0.800000000,0.050000000,0.220010000,1.000000000,0.073405770,1.216997739,63.712671327,9977083345.299894333,0.000009340,1462.666902541,3.238621993,0.874902100,14267.238700000,63.712671327,77.538176947,77.538176947,63.712671327,0.000009340,0.017336044,5.000000000,3.238621993,3.238621993,49246.807138165,3.374598468,0.365761540,2.059786769,96.871850738,15169643785.121301651,0.033949054,0.657700569,0.022328312,0.000000000,3.200000000,2.362140790
Belarus,17054.558330000,9466000,0.766670000,0.733333333,0.516666667,0.386444537,3.000000000,0.200000000,1.500000000,0.060000000,0.800000000,0.050000000,0.035640000,1.000000000,0.335363861,1.308380407,61.005773008,577480647.293729067,0.000000629,5.954726535,2.953903818,0.385487160,85272.791650000,61.005773008,79.818758103,79.818758103,61.005773008,0.000000629,0.005096664,5.000000000,2.953903818,2.953903818,220659.845178045,3.392394405,1.770977248,1.639360000,95.324885221,902345363.500950813,0.005589408,0.639977408,0.003577095,0.000000000,3.200000000,1.880000000
Belgium,40608.972010000,11182817,0.978580000,0.000000000,0.425000000,0.216691517,3.000000000,0.200000000,1.500000000,0.060000000,0.800000000,0.050000000,0.100990000,1.000000000,0.247316029,1.148020838,23.930768114,267613400.485258490,0.000000058,0.645163720,0.000000000,2.107730200,203044.860050000,23.930768114,27.473020463,27.473020463,23.930768114,0.000000058,0.000459520,5.000000000,0.000000000,0.000000000,937022.650684031,3.399075631,1.447413686,1.540000000,32.116630270,359154398.968447804,0.000790875,0.745120765,0.000589298,0.000000000,0.000000000,1.540000000
Benin,1733.309400000,10323474,0.439500000,0.666666667,0.250000000,0.330253322,3.000000000,0.200000000,1.500000000,0.060000000,0.800000000,0.050000000,0.043860000,1.000000000,0.082927989,1.255298588,4.416310944,45591671.209714599,0.000001797,18.553674067,0.082055769,0.441217350,8666.547000000,4.416310944,5.543788893,5.543788893,4.416310944,0.000001797,0.001574029,5.000000000,0.082055769,0.082055769,26242.119076765,3.397855169,0.389499996,3.176540267,8.824504183,91099539.495030642,0.005091130,0.500459953,0.002547907,0.000000000,1.600000000,3.393739602
Bolivia,5934.387980000,10671200,0.685120000,0.533333333,0.450000000,0.421834200,3.000000000,0.200000000,1.500000000,0.060000000,0.800000000,0.050000000,0.046490000,1.000000000,0.252990949,1.341811749,28.981137780,309263517.477415562,0.000001890,20.173487669,0.288457250,0.992285890,29671.939900000,28.981137780,38.887231159,38.887231159,28.981137780,0.000001890,0.005521376,5.000000000,0.288457250,0.288457250,70340.289787752,3.390915321,1.353914848,2.038896829,58.803602298,627505000.840201735,0.009908958,0.492846299,0.004883593,0.000000000,2.400000000,2.255416847
Bosnia and Herzegovina,9387.350030000,3829307,0.397670000,0.000000000,0.125000000,0.323932232,3.000000000,0.200000000,1.500000000,0.060000000,0.800000000,0.050000000,0.136780000,1.000000000,0.140012908,1.249327282,56.779786516,217427233.965503037,0.000001458,5.582708946,0.000000000,0.348767060,46936.750150000,56.779786516,70.936536378,70.936536378,56.779786516,0.000001458,0.004272220,5.000000000,0.000000000,0.000000000,144896.819339273,3.391454945,0.756238107,2.468124286,90.226103110,345503448.221660852,0.009611456,0.629305540,0.006048543,0.000000000,0.000000000,2.468124286
Botswana,15246.608800000,2021144,0.574440000,0.600000000,0.708333333,0.281178077,3.000000000,0.200000000,1.500000000,0.060000000,0.800000000,0.050000000,0.034950000,1.000000000,0.070426217,1.208938970,42.909814054,86726913.216952562,0.000000575,1.162836993,0.389357901,0.954340850,76233.044000000,42.909814054,51.875346404,51.875346404,42.909814054,0.000000575,0.001384197,5.000000000,0.389357901,0.389357901,271120.155919960,3.397769086,0.503329060,2.848303779,73.704542548,148967493.942970812,0.004834160,0.582186831,0.002814384,0.000000000,3.200000000,3.266403416
Brazil,14555.082200000,200361925,0.856870000,0.866666667,0.558333333,0.265575010,3.000000000,0.200000000,1.500000000,0.060000000,0.800000000,0.050000000,0.049660000,1.000000000,0.219035306,1.194199315,26.904901626,5390717881.697264671,0.000000365,73.225270216,0.413840603,0.582335600,72775.411000000,26.904901626,32.129815078,32.129815078,26.904901626,0.000000365,0.000799938,5.000000000,0.413840603,0.413840603,274029.589412786,3.398861802,1.106351119,3.196966691,43.663828677,8748568766.690444946,0.002999903,0.616182832,0.001848488,0.000000000,0.800000000,3.302651540
Bulgaria,15695.017790000,7265115,0.739480000,0.666666667,0.716666667,0.323078472,3.000000000,0.200000000,1.500000000,0.060000000,0.800000000,0.050000000,0.040660000,1.000000000,0.246106836,1.248520765,35.437943983,257460738.397774190,0.000000406,2.950823813,1.012479381,0.295650780,78475.088950000,35.437943983,44.245008936,44.245008936,35.437943983,0.000000406,0.001923496,5.000000000,1.012479381,1.012479381,242897.920693650,3.396939464,1.387783138,1.955986815,54.335284085,394752087.434961736,0.003461945,0.652208681,0.002257910,0.000000000,3.200000000,2.243104146
Burkina Faso,1630.444500000,16934839,0.298590000,0.800000000,0.416666667,0.405665092,3.000000000,0.200000000,1.500000000,0.060000000,0.800000000,0.050000000,0.011200000,1.000000000,0.345259870,1.326537374,3.751530231,63531560.457378224,0.000001193,20.210083288,0.035158134,0.465783900,8152.222500000,3.751530231,4.976545059,4.976545059,3.751530231,0.000001193,0.001489738,5.000000000,0.035158134,0.035158134,20095.942843391,3.397679571,1.835320200,3.067940600,5.345874068,90531516.664216608,0.003278783,0.701761804,0.002300925,0.000000000,2.400000000,3.393739602
Burundi,746.960150000,10162532,0.120570000,0.666666667,0.250000000,0.462979313,3.000000000,0.200000000,1.500000000,0.060000000,0.800000000,0.050000000,0.013000000,1.000000000,0.102133000,1.380680056,2.682165977,27257597.565579694,0.000003276,33.294496266,0.049707622,0.211903600,3734.800750000,2.682165977,3.703213069,3.703213069,2.682165977,0.000003276,0.003782320,5.000000000,0.049707622,0.049707622,8066.884734170,3.394191494,0.514196194,2.232689121,4.550821757,46247871.733844198,0.006092456,0.589380582,0.003590775,0.000000000,2.400000000,2.469788851
Cambodia,2943.524670000,15135169,0.207230000,0.000000000,0.150000000,0.459294450,3.000000000,0.200000000,1.500000000,0.060000000,0.800000000,0.050000000,0.159800000,1.000000000,0.029051198,1.377199098,55.289201593,836811409.988617539,0.000009684,146.569618749,0.000000000,0.050486594,14717.623350000,55.289201593,76.144238561,76.144238561,55.289201593,0.000009684,0.035297627,5.000000000,0.000000000,0.000000000,32043.982593494,3.337241011,0.142809924,1.515413110,105.227340957,1592633588.804164648,0.035748755,0.525426197,0.018783332,0.000000000,0.000000000,1.515413110
Cameroon,2739.343940000,22253959,0.543810000,0.666666667,0.566666667,0.419737575,3.000000000,0.200000000,1.500000000,0.060000000,0.800000000,0.050000000,0.037020000,1.000000000,0.047606027,1.339831142,7.130836390,158689340.659823418,0.000001569,34.923462482,0.341659175,0.502435350,13696.719700000,7.130836390,9.554116661,9.554116661,7.130836390,0.000001569,0.004187689,5.000000000,0.341659175,0.341659175,32631.626351194,3.393915281,0.319616349,1.599568980,15.309191042,340690109.761616707,0.005588634,0.465787929,0.002603118,0.000000000,3.200000000,1.834368096
Canada,41898.882360000,35154279,0.818280000,0.866666667,0.833333333,0.335483894,3.000000000,0.200000000,1.500000000,0.060000000,0.800000000,0.050000000,0.036860000,1.000000000,0.264278623,1.260239721,38.720105695,1361177398.503575087,0.000000095,3.350868886,1.370196901,2.935425500,209494.411800000,38.720105695,48.796615207,48.796615207,38.720105695,0.000000095,0.001293951,5.000000000,1.370196901,1.370196901,624454.454108659,3.398168807,1.543439524,1.313821870,55.642045090,1956055977.214477301,0.001328008,0.695878551,0.000924132,0.000000000,3.200000000,1.506676456
Central African Republic,584.375940000,4616417,0.400370000,0.000000000,0.000000000,0.314743833,3.000000000,0.200000000,1.500000000,0.060000000,0.800000000,0.050000000,0.044630000,1.000000000,0.068695807,1.240647332,3.173214069,14648879.372661360,0.000006314,29.148662647,0.000000000,0.155265746,2921.879700000,3.173214069,3.936839569,3.936839569,3.173214069,0.000006314,0.002776884,5.000000000,0.000000000,0.000000000,9283.358061938,3.394555807,0.284900973,3.239282221,6.069114252,28017562.208721522,0.010385633,0.522846323,0.005430090,0.000000000,0.000000000,3.239282221
Chad,2021.593470000,12825314,0.224710000,0.000000000,0.000000000,0.753200994,3.000000000,0.200000000,1.500000000,0.060000000,0.800000000,0.050000000,0.078160000,1.000000000,0.071909681,1.654842035,4.843855463,62123967.283493258,0.000001655,21.223573719,0.000000000,0.374780340,10107.967350000,4.843855463,8.015815630,8.015815630,4.843855463,0.000001655,0.002722628,5.000000000,0.000000000,0.000000000,13420.013282360,3.394581581,0.306310244,3.393739602,10.234475045,131260356.080186203,0.005062578,0.473288121,0.002396058,0.000000000,0.000000000,3.393739602
Chile,21714.031560000,17619708,0.895300000,0.800000000,0.925000000,0.347394112,3.000000000,0.200000000,1.500000000,0.060000000,0.800000000,0.050000000,0.083720000,1.000000000,0.186266870,1.271490876,205.769689445,3625601843.263572216,0.000001754,30.912916239,9.537506234,0.712509580,108570.157800000,205.769689445,261.634282593,261.634282593,205.769689445,0.000001754,0.027745207,5.000000000,9.537506234,9.537506234,312527.340292708,3.360839085,1.148815898,0.675203552,381.984305542,6730451924.229931831,0.017591588,0.538686240,0.009476347,0.000000000,3.200000000,0.774316000
China,11524.567510000,1357380000,0.556140000,0.800000000,0.841666667,0.229216379,3.000000000,0.200000000,1.500000000,0.060000000,0.800000000,0.050000000,0.092690000,1.000000000,0.188221863,1.159852624,36.425944854,49443849026.442604065,0.000000654,888.234826814,0.989989514,1.852606600,57622.837550000,36.425944854,42.248727725,42.248727725,36.425944854,0.000000654,0.001531755,5.000000000,0.989989514,0.989989514,251390.575867165,3.397914203,1.074136990,2.483484135,55.084871929,74771103458.970092773,0.004779778,0.661269484,0.003160721,0.000000000,3.200000000,2.848032265
Colombia,12025.385370000,48321405,0.764360000,0.733333333,0.716666667,0.279779256,3.000000000,0.200000000,1.500000000,0.060000000,0.800000000,0.050000000,0.034200000,1.000000000,0.101787187,1.207617555,161.369309518,7797591759.812217712,0.000003984,192.518299146,5.135748252,0.573982980,60126.926850000,161.369309518,194.872410986,194.872410986,161.369309518,0.000003984,0.016685294,5.000000000,5.135748252,5.135748252,214908.451779034,3.375695216,0.529402856,1.238798080,357.499173070,17274862329.069152832,0.029728708,0.451383728,0.013419055,0.000000000,3.200000000,1.420640000
"Congo, Dem. Rep.",783.259250000,67513677,0.424940000,0.400000000,0.375000000,0.237056002,3.000000000,0.200000000,1.500000000,0.060000000,0.800000000,0.050000000,0.036330000,1.000000000,0.031093329,1.167258434,6.583825044,444498237.435616970,0.000008669,585.292851471,0.091748783,0.085338873,3916.296250000,6.583825044,7.685025308,7.685025308,6.583825044,0.000008669,0.003973728,5.000000000,0.091748783,0.091748783,16520.553030943,3.393757781,0.142216128,2.901600000,12.930421177,872980278.820752025,0.016508482,0.509173286,0.008405678,0.000000000,1.600000000,3.100000000
"Congo, Rep.",5680.229980000,4447632,0.653800000,0.000000000,0.125000000,0.372753424,3.000000000,0.200000000,1.500000000,0.060000000,0.800000000,0.050000000,0.034850000,1.000000000,0.161609679,1.295446905,32.562523024,144826119.402354717,0.000002227,9.905139779,0.000000000,0.367481970,28401.149900000,32.562523024,42.183019674,42.183019674,32.562523024,0.000002227,0.006786703,5.000000000,0.000000000,0.000000000,76192.861228935,3.387442507,0.817294911,1.834368096,64.871502484,288524570.335985303,0.011420577,0.501954198,0.005732606,0.000000000,0.000000000,1.834368096
Costa Rica,13430.743210000,4872166,0.768210000,0.933333333,0.750000000,0.481896755,3.000000000,0.200000000,1.500000000,0.060000000,0.800000000,0.050000000,0.020030000,1.000000000,0.241123791,1.398550682,51.205007468,249479296.416014999,0.000000946,4.607666465,1.718474929,1.196085060,67153.716050000,51.205007468,71.612798137,71.612798137,51.205007468,0.000000946,0.005703282,5.000000000,1.718474929,1.718474929,139352.911935494,3.392136387,1.400511740,1.666701682,100.155409226,487973779.546300888,0.007457176,0.511255536,0.003812522,0.000000000,4.000000000,1.984168669
Croatia,20048.987160000,4255700,0.589640000,0.666666667,0.558333333,0.230522472,3.000000000,0.200000000,1.500000000,0.060000000,0.800000000,0.050000000,0.101410000,1.000000000,0.224564771,1.161086443,113.418982719,482677164.757909417,0.000000824,3.504994472,3.227277102,0.687702130,100244.935800000,113.418982719,131.689243169,131.689243169,113.418982719,0.000000824,0.003094487,5.000000000,3.227277102,3.227277102,434859.712955292,3.395168545,1.249919686,2.149310068,159.089195887,677035890.936184764,0.007935024,0.712926997,0.005657093,0.000000000,3.200000000,2.464805124
Czech Republic,28124.464480000,10514272,0.729920000,0.666666667,0.900000000,0.239799832,3.000000000,0.200000000,1.500000000,0.060000000,0.800000000,0.050000000,0.069080000,1.000000000,0.231688636,1.169850431,44.770825200,470732633.815322995,0.000000189,1.992250442,2.290939117,1.933029700,140622.322400000,44.770825200,52.375169146,52.375169146,44.770825200,0.000000189,0.001033831,5.000000000,2.290939117,2.290939117,586415.434401557,3.398394285,1.312969640,1.977360000,60.801190296,639280252.694515824,0.002161861,0.736347841,0.001591882,0.000000000,4.000000000,2.354000000
Denmark,42482.732460000,5614932,0.876760000,0.733333333,0.916666667,0.230106064,3.000000000,0.200000000,1.500000000,0.060000000,0.800000000,0.050000000,0.006070000,1.000000000,0.284943166,1.160693077,2.097950311,11779848.337794935,0.000000004,0.024832086,0.071927867,3.031670600,212413.662300000,2.097950311,2.435076403,2.435076403,2.097950311,0.000000004,0.000054544,5.000000000,0.071927867,0.071927867,923111.970984545,3.399917262,1.634016457,1.133600000,2.634551418,14792827.064031092,0.000062015,0.796321642,0.000049384,0.000000000,3.200000000,1.300000000
Djibouti,2902.546240000,872932,0.773430000,0.600000000,0.250000000,0.260598621,3.000000000,0.200000000,1.500000000,0.060000000,0.800000000,0.050000000,0.006170000,1.000000000,0.101937644,1.189498298,6.676001556,5827695.390349383,0.000001058,0.923861972,0.077909492,0.192680740,14512.731200000,6.676001556,7.941092491,7.941092491,6.676001556,0.000001058,0.001967148,5.000000000,0.077909492,0.077909492,55689.977032636,3.396946304,0.647745424,1.618377084,11.260792688,9829906.282320922,0.003879626,0.592853606,0.002300050,0.000000000,2.400000000,1.790240137
Dominican Republic,11795.470580000,10403761,0.789800000,0.600000000,0.508333333,0.377150399,3.000000000,0.200000000,1.500000000,0.060000000,0.800000000,0.050000000,0.034850000,1.000000000,0.143410013,1.299600569,134.635438519,1400714924.484891176,0.000002424,25.218005416,1.739978105,0.975125720,58977.352900000,134.635438519,174.972292555,174.972292555,134.635438519,0.000002424,0.015836037,5.000000000,1.739978105,1.739978105,156376.217664037,3.376375676,0.759687549,1.350725706,211.292318014,2198234777.753748894,0.017913005,0.637199874,0.011414164,0.000000000,3.200000000,1.548997369
Ecuador,10540.657370000,15737878,0.637420000,0.800000000,0.458333333,0.257473472,3.000000000,0.200000000,1.500000000,0.060000000,0.800000000,0.050000000,0.069260000,1.000000000,0.195527607,1.186546083,200.571668914,3156572455.620927334,0.000004124,64.899089033,2.367579959,0.801743260,52703.286850000,200.571668914,237.987528054,237.987528054,200.571668914,0.000004124,0.007389367,5.000000000,2.367579959,2.367579959,204694.046658935,3.389182759,1.054049067,3.078739327,303.657997874,4778932524.257985115,0.028808260,0.660518314,0.019028383,0.000000000,2.400000000,3.405685097
"Egypt, Arab Rep.",10733.488720000,82056378,0.431350000,0.666666667,0.458333333,0.492778342,3.000000000,0.200000000,1.500000000,0.060000000,0.800000000,0.050000000,0.200400000,1.000000000,0.118450289,1.408830126,8.547035424,701338769.505407453,0.000000195,16.015654477,0.318674727,0.042767455,53667.443600000,8.547035424,12.041320993,12.041320993,8.547035424,0.000000195,0.000747077,5.000000000,0.318674727,0.318674727,108907.878124177,3.398876166,0.581525447,2.621600000,14.767015069,1211727770.410475016,0.001375789,0.578792355,0.000796296,0.000000000,2.400000000,2.900000000
El Salvador,7515.082660000,6340454,0.667260000,0.666666667,0.508333333,0.134243575,3.000000000,0.200000000,1.500000000,0.060000000,0.800000000,0.050000000,0.009000000,1.000000000,0.195178828,1.070135234,199.884426809,1267358013.501527548,0.000006937,43.986863575,4.779505747,0.776316140,37575.413300000,199.884426809,213.903367844,213.903367844,199.884426809,0.000006937,0.007903870,5.000000000,4.779505747,4.779505747,279904.741912681,3.387722905,0.971418019,2.223840000,307.531835314,1949891455.342185020,0.040921950,0.649963366,0.026597768,0.000000000,2.400000000,2.460000000
Estonia,25253.767200000,1317997,0.675380000,0.000000000,0.400000000,0.280060392,3.000000000,0.200000000,1.500000000,0.060000000,0.800000000,0.050000000,0.018210000,1.000000000,0.334015750,1.207883133,54.614643742,71981936.608075768,0.000000308,0.405482086,0.000000000,1.622485300,126268.836000000,54.614643742,65.968106994,65.968106994,54.614643742,0.000000308,0.004497984,5.000000000,0.000000000,0.000000000,450862.884536990,3.391182647,1.939282405,0.938124965,84.022648860,110741599.130187437,0.003327133,0.649999071,0.002162634,0.000000000,0.000000000,0.938124965
France,37216.801900000,65939866,0.795200000,0.733333333,0.950000000,0.223449180,3.000000000,0.200000000,1.500000000,0.060000000,0.800000000,0.050000000,0.071400000,1.000000000,0.259775562,1.154404558,59.323571987,3911788387.435106754,0.000000171,11.256710332,3.565213406,2.632421300,186084.009500000,59.323571987,68.483401921,68.483401921,59.323571987,0.000000171,0.001697479,5.000000000,3.565213406,3.565213406,832780.007113710,3.397465088,1.511789755,1.283520000,83.431079961,5501434232.837929726,0.002241758,0.711048832,0.001594000,0.000000000,4.000000000,1.528000000
Gabon,18646.369810000,1671711,0.871560000,0.533333333,0.591666667,0.329912374,3.000000000,0.200000000,1.500000000,0.060000000,0.800000000,0.050000000,0.093960000,1.000000000,0.139940459,1.254976507,120.652851986,201696699.846920282,0.000001639,2.740455293,6.022218440,0.544830930,93231.849050000,120.652851986,151.416494689,151.416494689,120.652851986,0.000001639,0.007003583,5.000000000,6.022218440,6.022218440,282595.793646689,3.390039691,0.761934005,1.943707270,284.008588952,474780282.245702147,0.015231307,0.424821138,0.006470581,0.000000000,0.800000000,2.007962056
Georgia,6930.291380000,4487200,0.536410000,0.666666667,0.616666667,0.363265148,3.000000000,0.200000000,1.500000000,0.060000000,0.800000000,0.050000000,0.083720000,1.000000000,0.567623199,1.286483673,64.703780668,290338804.612031043,0.000002416,10.840602163,0.117157981,0.067084004,34651.456900000,64.703780668,83.240357385,83.240357385,64.703780668,0.000002416,0.017224044,5.000000000,0.117157981,0.117157981,95388.883466990,3.374230245,3.161153150,1.215198655,94.837410626,425554428.961544693,0.013684477,0.682260094,0.009336372,0.000000000,2.400000000,1.344246300
Germany,42883.686810000,80651873,0.753010000,0.800000000,0.916666667,0.273017446,3.000000000,0.200000000,1.500000000,0.060000000,0.800000000,0.050000000,0.072080000,1.000000000,0.265644049,1.201229916,39.730690646,3204354616.203505516,0.000000086,6.945450113,1.359068112,2.625937300,214418.434050000,39.730690646,47.725694194,47.725694194,39.730690646,0.000000086,0.001130578,5.000000000,1.359068112,1.359068112,785365.319615532,3.398342078,1.560243920,1.101254708,52.023320128,4195778208.041166306,0.001213126,0.763709247,0.000926476,0.000000000,3.200000000,1.262906775
Ghana,3864.030790000,25904598,0.540420000,0.800000000,0.541666667,0.407935017,3.000000000,0.200000000,1.500000000,0.060000000,0.800000000,0.050000000,0.025940000,1.000000000,0.143973459,1.328681690,6.818207249,176622917.857276797,0.000000685,17.738978052,0.131237230,1.006222830,19320.153950000,6.818207249,9.059227128,9.059227128,6.818207249,0.000000685,0.001265368,5.000000000,0.131237230,0.131237230,47360.861816046,3.398173312,0.780923545,3.042927224,11.191478316,289910746.812801898,0.002896322,0.609232047,0.001764532,0.000000000,3.200000000,3.489595440
Greece,24305.059610000,11027549,0.780070000,0.800000000,0.466666667,0.236791750,3.000000000,0.200000000,1.500000000,0.060000000,0.800000000,0.050000000,0.017600000,1.000000000,0.192780869,1.167008805,425.619292710,4693537605.706445694,0.000002781,30.664314544,16.845157384,1.121221300,121525.298050000,425.619292710,496.701462029,496.701462029,425.619292710,0.000002781,0.026642910,5.000000000,16.845157384,16.845157384,513215.928712261,3.362670812,1.125858683,0.851152856,716.838189791,7904968262.990506172,0.029493373,0.593745281,0.017511551,0.000000000,4.000000000,1.013277210
Guatemala,7062.530670000,15468203,0.515710000,0.466666667,0.583333333,0.647562773,3.000000000,0.200000000,1.500000000,0.060000000,0.800000000,0.050000000,0.032330000,1.000000000,0.122313580,1.555049408,46.185176735,714401689.323083639,0.000004657,72.036134001,1.771317238,0.592464150,35312.653350000,46.185176735,71.820231740,71.820231740,46.185176735,0.000004657,0.036645770,5.000000000,1.771317238,1.771317238,54531.629724921,3.340307862,0.697373893,0.920753164,188.077576545,2909222133.747719765,0.026630338,0.245564504,0.006539466,0.000000000,1.600000000,0.983710645
Guinea,1212.888130000,11745189,0.371610000,0.600000000,0.333333333,0.351069489,3.000000000,0.200000000,1.500000000,0.060000000,0.800000000,0.050000000,0.021610000,1.000000000,0.075611601,1.274962872,5.310726246,62375483.483551189,0.000002922,34.315745690,0.085695920,0.114446690,6064.440650000,5.310726246,6.770978789,6.770978789,5.310726246,0.000002922,0.002617870,5.000000000,0.085695920,0.085695920,17274.188829039,3.395920597,0.340969761,3.109760000,8.397242225,98627197.016855016,0.006923344,0.632436948,0.004378579,0.000000000,2.400000000,3.440000000
Honduras,4445.271050000,8097688,0.547300000,0.333333333,0.566666667,0.363592694,3.000000000,0.200000000,1.500000000,0.060000000,0.800000000,0.050000000,0.043250000,1.000000000,0.149597295,1.286793093,122.530862008,992216690.913410068,0.000013082,105.933257499,0.745312599,0.515344100,22226.355250000,122.530862008,157.671866952,157.671866952,122.530862008,0.000013082,0.025568478,5.000000000,0.745312599,0.745312599,61129.818091439,3.355387420,0.848594657,2.120511104,263.805591407,2136215371.867824554,0.059345221,0.464474090,0.027564317,0.000000000,1.600000000,2.265503316
Hungary,22706.611900000,9893899,0.712270000,0.866666667,0.666666667,0.221269412,3.000000000,0.200000000,1.500000000,0.060000000,0.800000000,0.050000000,0.098780000,1.000000000,0.452902100,1.152345410,206.694345401,2045012977.269675016,0.000001142,11.295010480,5.425907287,0.987598700,113533.059500000,206.694345401,238.183280185,238.183280185,206.694345401,0.000001142,0.005762190,5.000000000,5.425907287,5.425907287,513098.754261727,3.392399001,2.489942562,2.049952800,265.772600624,2629527267.539838314,0.011704635,0.777711265,0.009102826,0.000000000,4.000000000,2.440420000
India,5243.957060000,1252139596,0.327470000,0.866666667,0.775000000,0.452530164,3.000000000,0.200000000,1.500000000,0.060000000,0.800000000,0.050000000,0.084800000,1.000000000,0.131336307,1.370809121,14.322833562,17934187030.228740692,0.000000885,1108.401948244,0.833984620,0.596982400,26219.785300000,14.322833562,19.633870885,19.633870885,14.322833562,0.000000885,0.002739584,5.000000000,0.833984620,0.833984620,57940.414523070,3.396083158,0.707241991,2.432236285,22.872146210,28639119914.458889008,0.004361620,0.626212924,0.002731303,0.000000000,3.200000000,2.789261795
Indonesia,9254.422180000,249865631,0.537420000,0.666666667,0.608333333,0.309976819,3.000000000,0.200000000,1.500000000,0.060000000,0.800000000,0.050000000,0.064490000,1.000000000,0.145419042,1.236144105,30.254873574,7559653076.493659973,0.000000726,181.413588359,0.948288526,0.900695870,46272.110900000,30.254873574,37.399383622,37.399383622,30.254873574,0.000000726,0.005535763,5.000000000,0.948288526,0.948288526,149276.036507967,3.391334591,0.789616431,0.950834206,43.978670106,10988758156.479568481,0.004752179,0.687944258,0.003269234,0.000000000,3.200000000,1.090406200
"Iran, Islamic Rep.",15090.047220000,77447168,0.733750000,0.600000000,0.416666667,0.317995177,3.000000000,0.200000000,1.500000000,0.060000000,0.800000000,0.050000000,0.043680000,1.000000000,0.162494018,1.243718760,103.802440945,8039205082.659254074,0.000001491,115.506938276,2.685327262,1.118323800,75450.236100000,103.802440945,129.101043158,129.101043158,103.802440945,0.000001491,0.007455344,5.000000000,2.685327262,2.685327262,237268.491610818,3.387965991,0.902270160,1.677251567,188.092922761,14567264188.693519592,0.012464701,0.551867872,0.006878868,0.000000000,1.600000000,1.791935435
Iraq,14471.473320000,33417476,0.694710000,0.200000000,0.250000000,0.584092471,3.000000000,0.200000000,1.500000000,0.060000000,0.800000000,0.050000000,0.240870000,1.000000000,0.100514752,1.495091298,73.800172797,2466215503.249703407,0.000001104,36.885417745,0.336471495,0.325862320,72357.366600000,73.800172797,110.337996162,110.337996162,73.800172797,0.000001104,0.005410520,5.000000000,0.336471495,0.336471495,123879.984996662,3.390042053,0.523122508,2.802400000,130.746094084,4369204461.162255287,0.009034747,0.564454130,0.005099700,0.000000000,2.400000000,3.100000000
Ireland,44647.235910000,4597558,0.632410000,0.000000000,0.350000000,0.311250549,3.000000000,0.200000000,1.500000000,0.060000000,0.800000000,0.050000000,0.035560000,1.000000000,0.258181490,1.237347353,29.909172290,137509154.333493352,0.000000064,0.296254710,0.000000000,2.591820500,223236.179550000,29.909172290,37.008035152,37.008035152,29.909172290,0.000000064,0.000792265,5.000000000,0.000000000,0.000000000,717223.407542046,3.398432158,1.520231051,1.365217450,41.368535396,190194240.858591557,0.000926564,0.722993261,0.000669900,0.000000000,0.000000000,1.365217450
Israel,30926.849090000,8059500,0.921400000,0.000000000,0.400000000,0.358478281,3.000000000,0.200000000,1.500000000,0.060000000,0.800000000,0.050000000,0.008810000,1.000000000,0.206761667,1.281961692,36.176812215,291567018.047673643,0.000000158,1.274997199,0.000000000,1.349424300,154634.245450000,36.176812215,46.377287386,46.377287386,36.176812215,0.000000158,0.000756477,5.000000000,0.000000000,0.000000000,431362.940211214,3.398473734,1.266052410,2.900000000,58.542373677,471822260.651689351,0.001892930,0.617959436,0.001169754,0.000000000,0.000000000,2.900000000
Italy,33923.559820000,60233948,0.689640000,0.866666667,0.716666667,0.204611969,3.000000000,0.200000000,1.500000000,0.060000000,0.800000000,0.050000000,0.047660000,1.000000000,0.185697108,1.136609723,188.571917956,11358431100.429557800,0.000000686,41.309592611,9.182366720,0.833983000,169617.799100000,188.571917956,214.332675430,214.332675430,188.571917956,0.000000686,0.004526887,5.000000000,9.182366720,9.182366720,828973.007604599,3.393524702,1.099527390,1.283520000,291.657666510,17567692718.377128601,0.008597496,0.646552241,0.005558730,0.000000000,4.000000000,1.528000000
Jamaica,8607.498560000,2714734,0.547880000,0.600000000,0.408333333,0.381009113,3.000000000,0.200000000,1.500000000,0.060000000,0.800000000,0.050000000,0.000600000,1.000000000,0.184768091,1.303245758,120.064055380,325941973.318096876,0.000003912,10.621171707,1.931163087,1.536552200,43037.492800000,120.064055380,156.472970859,156.472970859,120.064055380,0.000003912,0.015352163,5.000000000,1.931163087,1.931163087,112956.596779898,3.378723716,1.009899708,1.975518891,212.583219719,577106894.400248289,0.024697445,0.564786137,0.013948774,0.000000000,3.200000000,2.265503316
Japan,35614.310020000,127338621,0.934980000,0.800000000,0.816666667,0.210442534,3.000000000,0.200000000,1.500000000,0.060000000,0.800000000,0.050000000,0.073200000,1.000000000,0.265406008,1.142117648,226.994522651,28905169488.993282318,0.000000640,81.521594267,6.982824635,2.661711400,178071.550100000,226.994522651,259.254450268,259.254450268,226.994522651,0.000000640,0.006981468,5.000000000,6.982824635,6.982824635,846176.612167978,3.389733302,1.570398208,0.976424616,292.708993210,37273159549.706047058,0.008218859,0.775495553,0.006373689,0.000000000,3.200000000,1.119753000
Jordan,11404.738860000,6460000,0.836790000,0.466666667,0.425000000,0.175722722,3.000000000,0.200000000,1.500000000,0.060000000,0.800000000,0.050000000,0.003990000,1.000000000,0.217921391,1.109319091,22.939827326,148191284.525906533,0.000000378,2.442074556,0.355131829,0.516910520,57023.694300000,22.939827326,25.447588406,25.447588406,22.939827326,0.000000378,0.000630955,5.000000000,0.355131829,0.355131829,324509.508953445,3.398927454,1.109429210,2.621600000,31.327560849,202376043.083842874,0.002746890,0.732257051,0.002011429,0.000000000,2.400000000,2.900000000
Kazakhstan,22469.679020000,17035275,0.532470000,0.600000000,0.775000000,0.330570755,3.000000000,0.200000000,1.500000000,0.060000000,0.800000000,0.050000000,0.053170000,1.000000000,0.265247959,1.255598456,58.390448270,994697343.653802872,0.000000408,6.947350274,4.403047914,0.367392760,112348.395100000,58.390448270,73.314956698,73.314956698,58.390448270,0.000000408,0.006423710,5.000000000,4.403047914,4.403047914,339861.870052866,3.389844417,1.470886941,0.818044969,93.468929102,1592268911.210372210,0.004159780,0.624704368,0.002598633,0.000000000,3.200000000,0.938124965
Kenya,2705.323220000,44353691,0.256220000,0.800000000,0.508333333,0.462960273,3.000000000,0.200000000,1.500000000,0.060000000,0.800000000,0.050000000,0.018820000,1.000000000,0.102102646,1.380662070,5.845592272,259273593.327043414,0.000001316,58.347538515,0.190568636,1.386903000,13526.616100000,5.845592272,8.070787523,8.070787523,5.845592272,0.000001316,0.001987391,5.000000000,0.190568636,0.190568636,29217.660530382,3.397323050,0.480896755,2.901600000,12.594892551,558629972.395581126,0.004655596,0.464124029,0.002160774,0.000000000,1.600000000,3.100000000
Kyrgyz Republic,3109.812830000,5719600,0.357070000,0.600000000,0.483333333,0.520225667,3.000000000,0.200000000,1.500000000,0.060000000,0.800000000,0.050000000,0.052260000,1.000000000,0.483404503,1.434758626,25.434447610,145474866.548392981,0.000003913,22.381085062,0.914656507,0.056462076,15549.064150000,25.434447610,36.492293107,36.492293107,25.434447610,0.000003913,0.025142770,5.000000000,0.914656507,0.914656507,29889.075351466,3.361169871,2.576190549,1.132755904,46.173513142,264094025.765058756,0.014847682,0.550844973,0.008178771,0.000000000,3.200000000,1.299032000
Lao PDR,4667.340060000,6769727,0.386140000,0.400000000,0.166666667,0.247298886,3.000000000,0.200000000,1.500000000,0.060000000,0.800000000,0.050000000,0.185830000,1.000000000,0.149190917,1.176934518,163.255302572,1105193829.714777946,0.000010246,69.361931979,0.815009932,1.086618800,23336.700300000,163.255302572,192.140800797,192.140800797,163.255302572,0.000010246,0.031319403,5.000000000,0.815009932,0.815009932,94366.378557508,3.348893419,0.679849485,1.446400000,222.292235193,1504857746.479038239,0.047627178,0.734417477,0.034978232,0.000000000,2.400000000,1.600000000
Latvia,21832.570740000,2012647,0.673820000,0.000000000,0.350000000,0.239369908,3.000000000,0.200000000,1.500000000,0.060000000,0.800000000,0.050000000,0.058130000,1.000000000,0.252647267,1.169444298,138.083644755,277913633.365483344,0.000000986,1.984133913,0.000000000,0.754643470,109162.853700000,138.083644755,161.481130941,161.481130941,138.083644755,0.000000986,0.010873615,5.000000000,0.000000000,0.000000000,456042.510001882,3.379987583,1.501680669,0.938124965,216.364391629,435465143.719823062,0.009910166,0.638199492,0.006324663,0.000000000,0.000000000,0.938124965
Lesotho,2493.613730000,2074465,0.273120000,0.400000000,0.166666667,0.199212096,3.000000000,0.200000000,1.500000000,0.060000000,0.800000000,0.050000000,0.022910000,1.000000000,0.092964035,1.131508657,23.396302148,48534809.934604146,0.000004587,9.515481450,0.036590541,0.483464540,12468.068650000,23.396302148,26.473118427,26.473118427,23.396302148,0.000004587,0.003005173,5.000000000,0.036590541,0.036590541,62586.905723796,3.394690135,0.439644114,3.057353597,38.863356558,80620672.961836636,0.015585155,0.602014448,0.009382489,0.000000000,1.600000000,3.266403416
Liberia,849.830920000,4294077,0.497010000,0.000000000,0.000000000,0.472512071,3.000000000,0.200000000,1.500000000,0.060000000,0.800000000,0.050000000,0.063710000,1.000000000,0.139605737,1.389685309,2.618681459,11244819.823454972,0.000002577,11.065516645,0.000000000,0.847958900,4249.154600000,2.618681459,3.639143154,3.639143154,2.618681459,0.000002577,0.002157197,5.000000000,0.000000000,0.000000000,8992.690046098,3.395707630,0.632756652,3.393739602,4.343841319,18652789.099708371,0.005111418,0.602849245,0.003081415,0.000000000,0.000000000,3.393739602
Lithuania,24469.622500000,2957689,0.665080000,0.000000000,0.350000000,0.312964424,3.000000000,0.200000000,1.500000000,0.060000000,0.800000000,0.050000000,0.080220000,1.000000000,0.271309550,1.238966389,66.091257909,195477386.513477355,0.000000367,1.086938845,0.000000000,1.152918100,122348.112500000,66.091257909,81.884847148,81.884847148,66.091257909,0.000000367,0.003224448,5.000000000,0.000000000,0.000000000,390932.971686945,3.393773317,1.703478692,1.523587200,95.723238894,283119570.720013261,0.003911921,0.690441095,0.002700951,0.000000000,0.000000000,1.523587200
"Macedonia, FYR",11608.968970000,2107158,0.571040000,0.666666667,0.333333333,0.263932167,3.000000000,0.200000000,1.500000000,0.060000000,0.800000000,0.050000000,0.120600000,1.000000000,0.276049316,1.192647379,37.928459828,79921257.555274636,0.000000720,1.518189955,0.527951284,0.447454310,58044.844850000,37.928459828,45.235278214,45.235278214,37.928459828,0.000000720,0.004991082,5.000000000,0.527951284,0.527951284,219923.344704208,3.392234514,1.623823468,1.011293952,61.315313258,129201052.853231654,0.005281719,0.618580544,0.003267169,0.000000000,2.400000000,1.118688000
Madagascar,1368.632410000,22924851,0.351050000,0.600000000,0.250000000,0.294072984,3.000000000,0.200000000,1.500000000,0.060000000,0.800000000,0.050000000,0.050640000,1.000000000,0.105366181,1.221120325,48.171538870,1104325351.037550211,0.000022456,514.793554890,0.562545420,0.084295710,6843.162050000,48.171538870,58.823245187,58.823245187,48.171538870,0.000022456,0.024344817,5.000000000,0.562545420,0.562545420,23270.284677569,3.361222446,0.505641791,2.311722364,77.362298488,1773519165.861301661,0.056525257,0.622674608,0.035196842,0.000000000,1.600000000,2.469788851
Malawi,754.981980000,16362567,0.162720000,0.800000000,0.333333333,0.253076569,3.000000000,0.200000000,1.500000000,0.060000000,0.800000000,0.050000000,0.022830000,1.000000000,0.049336757,1.182392487,7.433024203,121623356.532221273,0.000008837,144.595586236,0.133657944,0.467027040,3774.909900000,7.433024203,8.788751974,8.788751974,7.433024203,0.000008837,0.006332775,5.000000000,0.133657944,0.133657944,14916.078211599,3.390851799,0.237110561,2.153655878,12.473303339,204095261.588887393,0.016521326,0.595914651,0.009845300,0.000000000,3.200000000,2.469788851
Malaysia,22589.371450000,29716965,0.747050000,0.800000000,0.766666667,0.250594075,3.000000000,0.200000000,1.500000000,0.060000000,0.800000000,0.050000000,0.108120000,1.000000000,0.103758126,1.180047364,67.890328474,2017494515.109766960,0.000000503,14.952914443,2.626896011,1.959087900,112946.857250000,67.890328474,80.113803137,80.113803137,67.890328474,0.000000503,0.004146675,5.000000000,2.626896011,2.626896011,450716.392427747,3.394073289,0.573974308,1.080885278,116.240623454,3454318538.753082275,0.005145810,0.584049934,0.003005410,0.000000000,4.000000000,1.286768188
Mali,1589.167350000,15301650,0.399160000,0.600000000,0.333333333,0.643844866,3.000000000,0.200000000,1.500000000,0.060000000,0.800000000,0.050000000,0.091120000,1.000000000,0.056217887,1.551537235,4.013391797,61411516.589514598,0.000002322,35.527005306,0.156362626,0.255272680,7945.836750000,4.013391797,6.226926812,6.226926812,4.013391797,0.000002322,0.013872356,5.000000000,0.156362626,0.156362626,12341.228718452,3.377961988,0.262147507,0.948535198,10.008039847,153139522.929078132,0.006297663,0.401016768,0.002525468,0.000000000,2.400000000,1.049264600
Mauritania,2945.229570000,3889880,0.598590000,0.666666667,0.333333333,0.238105971,3.000000000,0.200000000,1.500000000,0.060000000,0.800000000,0.050000000,0.069390000,1.000000000,0.094790363,1.168250302,15.977791310,62151690.861124061,0.000004146,16.129113526,0.854538566,0.374159000,14726.147850000,15.977791310,18.666059516,18.666059516,15.977791310,0.000004146,0.011184421,5.000000000,0.854538566,0.854538566,61847.033053958,3.384121393,0.457210940,0.891745512,45.095046481,175414319.404426605,0.015311216,0.354313668,0.005424973,0.000000000,2.400000000,0.986444150
Mexico,16290.812820000,122332399,0.792460000,0.533333333,0.766666667,0.368263045,3.000000000,0.200000000,1.500000000,0.060000000,0.800000000,0.050000000,0.061100000,1.000000000,0.277367830,1.291205006,22.948253930,2807314956.132481575,0.000000279,34.093940451,0.471507246,0.401821050,81454.064100000,22.948253930,29.630900347,29.630900347,22.948253930,0.000000279,0.001677411,5.000000000,0.471507246,0.471507246,221184.463689908,3.397180639,1.593280676,1.733958397,39.426717952,4823164991.711419106,0.002420181,0.582048294,0.001408662,0.000000000,3.200000000,1.988484400
Moldova,4521.084840000,3558566,0.449950000,0.600000000,0.375000000,0.256704774,3.000000000,0.200000000,1.500000000,0.060000000,0.800000000,0.050000000,0.062820000,1.000000000,0.353501051,1.185819921,39.883912418,141929534.677865297,0.000002581,9.185311019,0.636323176,0.224890963,22605.424200000,39.883912418,47.295137886,47.295137886,39.883912418,0.000002581,0.005768530,5.000000000,0.636323176,0.636323176,88060.007101283,3.390820337,1.838628621,2.134554871,53.390051927,189992023.523899913,0.011809124,0.747028912,0.008821757,0.000000000,2.400000000,2.361233265
Mongolia,9132.305700000,2839073,0.720400000,0.533333333,0.566666667,0.207674879,3.000000000,0.200000000,1.500000000,0.060000000,0.800000000,0.050000000,0.047110000,1.000000000,0.225477051,1.139503144,35.577295325,101006538.569314808,0.000001047,2.972034967,1.679410099,1.335408300,45661.528500000,35.577295325,40.540439890,40.540439890,35.577295325,0.000001047,0.006288793,5.000000000,1.679410099,1.679410099,219870.254239440,3.390111358,1.204414013,0.848064968,62.163979051,176488074.495101869,0.006807041,0.572313675,0.003895763,0.000000000,2.400000000,0.938124965
Montenegro,14151.541100000,621383,0.640260000,0.000000000,0.175000000,0.364896662,3.000000000,0.200000000,1.500000000,0.060000000,0.800000000,0.050000000,0.106310000,1.000000000,0.283945544,1.288024905,31.877602902,19808200.524293795,0.000000419,0.260513138,0.000000000,0.186524230,70757.705500000,31.877602902,41.059146458,41.059146458,31.877602902,0.000000419,0.001847719,5.000000000,0.000000000,0.000000000,193911.627024056,3.396303618,1.626422942,2.463929905,48.019377734,29838424.994406238,0.003393226,0.663848730,0.002252589,0.000000000,0.000000000,2.463929905
Morocco,6967.259250000,33008150,0.601950000,0.866666667,0.750000000,0.269256967,3.000000000,0.200000000,1.500000000,0.060000000,0.800000000,0.050000000,0.056250000,1.000000000,0.151173053,1.197677527,20.109426089,663774952.758387566,0.000000985,32.499433610,1.908217215,0.741609530,34836.296250000,20.109426089,24.084607704,24.084607704,20.109426089,0.000000985,0.003592374,5.000000000,1.908217215,1.908217215,129379.368006061,3.394945748,0.842594580,1.345157010,38.961346647,1286041974.323339701,0.005592062,0.516137860,0.002886275,0.000000000,3.200000000,1.542611250
Nepal,2172.790390000,27797457,0.186150000,0.600000000,0.333333333,0.270199300,3.000000000,0.200000000,1.500000000,0.060000000,0.800000000,0.050000000,0.058380000,1.000000000,0.357543043,1.198567715,22.068857498,613458117.346443653,0.000005053,140.462414137,0.713767315,0.564489510,10863.951950000,22.068857498,26.451020103,26.451020103,22.068857498,0.000005053,0.006906917,5.000000000,0.713767315,0.713767315,40207.180178081,3.389344733,1.687918884,2.148179436,34.822179733,967968043.775931120,0.016026479,0.633758647,0.010156920,0.000000000,1.600000000,2.295063500
Netherlands,45021.157410000,16804432,0.904960000,0.800000000,0.916666667,0.252519895,3.000000000,0.200000000,1.500000000,0.060000000,0.800000000,0.050000000,0.323010000,1.000000000,0.275597418,1.181866617,36.415549195,611942620.189767838,0.000000072,1.210726205,1.203907621,2.997063700,225105.787050000,36.415549195,43.038321927,43.038321927,36.415549195,0.000000072,0.000927853,5.000000000,1.203907621,1.203907621,891437.829789329,3.398773961,1.600071014,1.124784192,46.821858115,786814730.812910438,0.001039997,0.777746776,0.000808854,0.000000000,4.000000000,1.339028800
Niger,886.809610000,17831270,0.187320000,0.666666667,0.333333333,0.233592317,3.000000000,0.200000000,1.500000000,0.060000000,0.800000000,0.050000000,0.040210000,1.000000000,0.063379045,1.163986415,5.028022680,89656029.973229706,0.000005220,93.083413199,0.241060389,0.074473473,4434.048050000,5.028022680,5.852550094,5.852550094,5.028022680,0.000005220,0.010580462,5.000000000,0.241060389,0.241060389,18981.994398153,3.383023820,0.314495526,1.008858757,9.380131924,167259664.968385994,0.010577391,0.536028994,0.005669788,0.000000000,2.400000000,1.115994200
Nigeria,5422.693340000,173615345,0.477760000,0.800000000,0.591666667,0.873644473,3.000000000,0.200000000,1.500000000,0.060000000,0.800000000,0.050000000,0.037670000,1.000000000,0.039947698,1.768620655,6.246447940,1084479214.073932886,0.000000476,82.644194392,0.127888117,1.432089840,27113.466700000,6.246447940,11.047596844,11.047596844,6.246447940,0.000000476,0.001756551,5.000000000,0.127888117,0.127888117,31034.897535021,3.397382586,0.178765336,2.959340933,12.933539079,2245460849.240846634,0.002385077,0.482965096,0.001151909,0.000000000,3.200000000,3.393739602
Pakistan,4454.074830000,182142594,0.387580000,0.733333333,0.541666667,0.376717358,3.000000000,0.200000000,1.500000000,0.060000000,0.800000000,0.050000000,0.078590000,1.000000000,0.132341047,1.299191491,26.213909672,4774669506.545640945,0.000001996,363.598456952,1.203221418,0.077762960,22270.374150000,26.213909672,34.056888395,34.056888395,26.213909672,0.000001996,0.004567459,5.000000000,1.203221418,1.203221418,59116.931220134,3.393117991,0.624301970,2.516352885,40.375538868,7354105383.605675697,0.009064854,0.649252255,0.005885377,0.000000000,2.400000000,2.783576200
Panama,18793.393330000,3864170,0.665920000,0.666666667,0.716666667,0.540242716,3.000000000,0.200000000,1.500000000,0.060000000,0.800000000,0.050000000,0.018590000,1.000000000,0.207324969,1.453668012,40.257157490,155560500.259876966,0.000000466,1.802222112,0.710056464,0.647588400,93966.966650000,40.257157490,58.520542111,58.520542111,40.257157490,0.000000466,0.001828682,5.000000000,0.710056464,0.710056464,173934.722034804,3.397230673,0.985208296,3.078739327,81.761294657,315939541.975346565,0.004350534,0.492374267,0.002142091,0.000000000,2.400000000,3.405685097
Paraguay,7833.074000000,6802295,0.596660000,0.800000000,0.666666667,0.368273213,3.000000000,0.200000000,1.500000000,0.060000000,0.800000000,0.050000000,0.027500000,1.000000000,0.198592596,1.291214611,14.562155602,99056078.237577781,0.000000609,4.143337557,0.487721841,0.612426170,39165.370000000,14.562155602,18.802868083,18.802868083,14.562155602,0.000000609,0.002152660,5.000000000,0.487721841,0.487721841,106348.679757468,3.396903456,1.014625051,1.907890569,28.731940721,195443136.708974838,0.003668029,0.506828124,0.001859060,0.000000000,3.200000000,2.187947900
Peru,11396.493020000,30375603,0.786090000,0.600000000,0.766666667,0.270198675,3.000000000,0.200000000,1.500000000,0.060000000,0.800000000,0.050000000,0.068890000,1.000000000,0.157771759,1.198567125,236.191350626,7174454698.652852058,0.000007130,216.591747211,12.575497150,0.537997440,56982.465100000,236.191350626,283.091187978,283.091187978,236.191350626,0.000007130,0.034970845,5.000000000,12.575497150,12.575497150,210890.986135277,3.345789790,0.807202683,1.045649568,590.252664881,17929280618.123298645,0.051792482,0.400152959,0.020724915,0.000000000,2.400000000,1.156692000
Philippines,6326.216420000,98393574,0.443730000,0.733333333,0.633333333,0.273657188,3.000000000,0.200000000,1.500000000,0.060000000,0.800000000,0.050000000,0.053940000,1.000000000,0.247024990,1.201834257,141.272052083,13900262110.777133942,0.000006071,597.370481731,3.120699969,0.922851600,31631.082100000,141.272052083,169.785591794,169.785591794,141.272052083,0.000006071,0.006926172,5.000000000,3.120699969,3.120699969,115586.520123140,3.389929118,1.193654999,4.474800000,207.855945711,20451689375.701175690,0.032856281,0.679663272,0.022331208,0.000000000,2.400000000,4.950000000
Poland,22835.220460000,38514479,0.605390000,0.600000000,0.791666667,0.413202632,3.000000000,0.200000000,1.500000000,0.060000000,0.800000000,0.050000000,0.057820000,1.000000000,0.316726487,1.333657816,17.715695672,682310788.913996339,0.000000123,4.719114822,0.735349012,0.954220300,114176.102300000,17.715695672,23.626676006,23.626676006,17.715695672,0.000000123,0.002726283,5.000000000,0.735349012,0.735349012,276319.881476879,3.395631067,1.832333958,0.788024970,28.763020316,1107792741.924923897,0.001259590,0.615919173,0.000775806,0.000000000,4.000000000,0.938124965
Romania,18184.109730000,19981358,0.545640000,0.600000000,0.691666667,0.267748038,3.000000000,0.200000000,1.500000000,0.060000000,0.800000000,0.050000000,0.073680000,1.000000000,0.368938814,1.196252096,74.213855683,1482893618.964575291,0.000000645,12.889468965,4.048812977,0.487932280,90920.548650000,74.213855683,88.778480377,88.778480377,74.213855683,0.000000645,0.003442015,5.000000000,4.048812977,4.048812977,339575.032518633,3.394502922,1.889010347,1.746917014,107.638320838,2150759823.177884102,0.005919362,0.689474298,0.004081248,0.000000000,3.200000000,2.003345200
Russian Federation,23564.207740000,143499861,0.740080000,0.000000000,0.250000000,0.349163004,3.000000000,0.200000000,1.500000000,0.060000000,0.800000000,0.050000000,0.042550000,1.000000000,0.274995288,1.273161884,43.213376487,6201113519.273179054,0.000000335,48.074459815,0.000000000,0.613941830,117821.038700000,43.213376487,55.017623834,55.017623834,43.213376487,0.000000335,0.003962059,5.000000000,0.000000000,0.000000000,337438.495415627,3.392118184,1.581273960,1.177738724,82.446384885,11831044770.999553680,0.003498797,0.524139131,0.001833857,0.000000000,0.000000000,1.177738724
Rwanda,1426.366290000,11776522,0.288110000,0.800000000,0.483333333,0.712577817,3.000000000,0.200000000,1.500000000,0.060000000,0.800000000,0.050000000,0.039110000,1.000000000,0.041421194,1.616466781,4.992412007,58793249.836970314,0.000002263,26.654133151,0.042000523,0.891917400,7131.831450000,4.992412007,8.070068166,8.070068166,4.992412007,0.000002263,0.003771098,5.000000000,0.042000523,0.042000523,10008.494900283,3.394075048,0.217699167,2.990960000,8.295961604,97697574.338308811,0.005816151,0.601788225,0.003500091,0.000000000,3.200000000,3.430000000
Senegal,2170.077210000,14133280,0.437210000,0.666666667,0.508333333,0.226210112,3.000000000,0.200000000,1.500000000,0.060000000,0.800000000,0.050000000,0.029290000,1.000000000,0.215938649,1.157012712,3.637170567,51405150.026917294,0.000000692,9.775027468,0.050228141,0.209208720,10850.386050000,3.637170567,4.208252580,4.208252580,3.637170567,0.000000692,0.000600702,5.000000000,0.050228141,0.050228141,47965.963825769,3.399018704,1.005466849,3.109760000,4.757322654,67236573.113511994,0.002192237,0.764541494,0.001676056,0.000000000,2.400000000,3.440000000
Serbia,12892.496300000,7164132,0.555530000,0.600000000,0.508333333,0.220120453,3.000000000,0.200000000,1.500000000,0.060000000,0.800000000,0.050000000,0.109560000,1.000000000,0.300993558,1.151260030,174.426023331,1249611055.379571676,0.000002453,17.573003486,5.327550693,0.186914550,64462.481500000,174.426023331,200.809708916,200.809708916,174.426023331,0.000002453,0.006976471,5.000000000,5.327550693,5.327550693,292850.939170170,3.389241720,1.545702564,2.307609614,244.320357591,1750343292.068386793,0.018950586,0.713923412,0.013529267,0.000000000,1.600000000,2.465394886
Sierra Leone,1494.648550000,6092075,0.399420000,0.733333333,0.333333333,0.406865991,3.000000000,0.200000000,1.500000000,0.060000000,0.800000000,0.050000000,0.051480000,1.000000000,0.058353959,1.327671820,7.975503854,48587367.641357712,0.000003115,18.975452071,0.126957438,0.896354150,7473.242750000,7.975503854,10.588851717,10.588851717,7.975503854,0.000003115,0.003813269,5.000000000,0.126957438,0.126957438,18367.823583599,3.394277597,0.271998910,2.959340933,12.246405405,74606020.208601058,0.008193502,0.651252640,0.005336040,0.000000000,3.200000000,3.393739602
Slovak Republic,25758.862630000,5413393,0.535980000,0.733333333,0.625000000,0.305901886,3.000000000,0.200000000,1.500000000,0.060000000,0.800000000,0.050000000,0.147610000,1.000000000,0.299022265,1.232294663,82.019187389,444002094.877096653,0.000000405,2.190022759,2.949425385,1.966113800,128794.313150000,82.019187389,101.071806879,101.071806879,82.019187389,0.000000405,0.002412097,5.000000000,2.949425385,2.949425385,421031.445135982,3.396263270,1.528101474,2.150119094,113.801376136,616051572.964390993,0.004417950,0.720722281,0.003184115,0.000000000,3.200000000,2.465732906
Slovenia,27368.172030000,2059953,0.496500000,0.866666667,0.691666667,0.221337883,3.000000000,0.200000000,1.500000000,0.060000000,0.800000000,0.050000000,0.109420000,1.000000000,0.345576703,1.152410092,143.717199611,296050676.489346743,0.000000601,1.238165255,5.643279354,1.609797200,136840.860150000,143.717199611,165.621151277,165.621151277,143.717199611,0.000000601,0.003353595,5.000000000,5.643279354,5.643279354,618244.189700419,3.395310771,1.945480315,1.740577736,185.154257631,381409068.470310330,0.006765313,0.776202511,0.005251253,0.000000000,4.000000000,2.072116352
South Africa,12454.190920000,53157490,0.648010000,0.733333333,0.716666667,0.412218191,3.000000000,0.200000000,1.500000000,0.060000000,0.800000000,0.050000000,0.017390000,1.000000000,0.134002144,1.332727850,29.009445213,1542069293.790546894,0.000000557,29.613920176,0.103801781,1.246575100,62270.954600000,29.009445213,38.661695559,38.661695559,29.009445213,0.000000557,0.001624368,5.000000000,0.103801781,0.103801781,151063.092236437,3.397525155,1.220876524,2.952828688,52.686799608,2800698023.320066452,0.004230447,0.550601772,0.002329292,0.000000000,2.400000000,3.266403416
Spain,31682.644740000,46617825,0.795790000,0.800000000,0.716666667,0.182999297,3.000000000,0.200000000,1.500000000,0.060000000,0.800000000,0.050000000,0.044690000,1.000000000,0.226976144,1.116193009,18.209098537,848868569.026258469,0.000000060,2.816370107,0.322614170,1.900343200,158413.223700000,18.209098537,20.324868496,20.324868496,18.209098537,0.000000060,0.001251900,5.000000000,0.322614170,0.322614170,865649.357919658,3.398184004,1.366015018,0.440360000,23.175515144,1080392109.262720108,0.000731489,0.785704155,0.000574734,0.000000000,3.200000000,0.505000000
Sri Lanka,9425.737380000,20483000,0.183560000,0.666666667,0.508333333,0.337960803,3.000000000,0.200000000,1.500000000,0.060000000,0.800000000,0.050000000,0.062350000,1.000000000,0.113145811,1.262579568,16.862546204,345395533.906044066,0.000000384,7.855984807,0.313566039,1.520254100,47128.686900000,16.862546204,21.290306298,21.290306298,16.862546204,0.000000384,0.001045586,5.000000000,0.313566039,0.313566039,139450.156760675,3.398318497,0.560904785,2.960930331,23.882423874,489183688.209347069,0.002533746,0.706065109,0.001788990,0.000000000,3.200000000,3.395562307
Sudan,3264.772980000,37964306,0.338060000,0.666666667,0.333333333,0.948753364,3.000000000,0.200000000,1.500000000,0.060000000,0.800000000,0.050000000,0.105410000,1.000000000,0.064443941,1.839573322,5.391866406,204698466.147252142,0.000000846,32.136392643,0.058250097,0.207849207,16323.864900000,5.391866406,9.918733594,9.918733594,5.391866406,0.000000846,0.002825284,5.000000000,0.058250097,0.058250097,17205.593689142,3.395431639,0.277200250,2.802400000,10.744181661,407895400.292225182,0.003290943,0.501840585,0.001651529,0.000000000,2.400000000,3.100000000
Swaziland,6470.884190000,1249514,0.213080000,0.600000000,0.416666667,0.190380607,3.000000000,0.200000000,1.500000000,0.060000000,0.800000000,0.050000000,0.022690000,1.000000000,0.132466920,1.123165868,34.050372144,42546416.698707469,0.000001703,2.127449128,0.482907498,1.031164310,32354.420950000,34.050372144,38.244215771,38.244215771,34.050372144,0.000001703,0.003514106,5.000000000,0.482907498,0.482907498,169945.991208170,3.394413866,0.702220425,1.571152000,60.303759731,75350392.036400810,0.009319246,0.564647582,0.005262090,0.000000000,2.400000000,1.738000000
Sweden,43540.494390000,9600379,0.858150000,0.733333333,0.916666667,0.357367644,3.000000000,0.200000000,1.500000000,0.060000000,0.800000000,0.050000000,0.034050000,1.000000000,0.288326762,1.280912512,3.682428884,35352712.925002873,0.000000008,0.078172967,0.128215600,3.272756300,217702.471950000,3.682428884,4.716869233,4.716869233,3.682428884,0.000000008,0.000139288,5.000000000,0.128215600,0.128215600,609183.499752590,3.399789416,1.647369655,1.171510854,5.033828736,48326663.689251401,0.000115613,0.731536386,0.000084575,0.000000000,3.200000000,1.343475750
Syrian Arab Republic,4959.392520000,22845550,0.576560000,0.666666667,0.333333333,0.270750757,3.000000000,0.200000000,1.500000000,0.060000000,0.800000000,0.050000000,0.055290000,1.000000000,0.121903630,1.199088656,19.673764689,449457974.884946048,0.000001256,28.685110209,0.395109166,0.261424100,24796.962600000,19.673764689,23.590588055,23.590588055,19.673764689,0.000001256,0.002178496,5.000000000,0.395109166,0.395109166,91585.940216610,3.396579968,0.561261857,2.440800000,29.838094803,681667686.716303349,0.006016482,0.659350566,0.003966971,0.000000000,2.400000000,2.700000000
Tajikistan,2431.659070000,8207834,0.267820000,0.600000000,0.333333333,0.385426324,3.000000000,0.200000000,1.500000000,0.060000000,0.800000000,0.050000000,0.074940000,1.000000000,0.235536527,1.307418538,29.478052822,241950964.204313368,0.000006411,52.620719779,0.896672675,0.019116308,12158.295350000,29.478052822,38.540152731,38.540152731,29.478052822,0.000006411,0.033774729,5.000000000,0.896672675,0.896672675,31545.056936464,3.348924874,1.298608006,0.848064968,52.306635315,429324179.765797794,0.021510678,0.563562398,0.012122609,0.000000000,2.400000000,0.938124965
Tanzania,2364.702760000,49253126,0.316080000,0.666666667,0.333333333,0.413204367,3.000000000,0.200000000,1.500000000,0.060000000,0.800000000,0.050000000,0.019940000,1.000000000,0.071340701,1.333659456,6.516766198,320971106.659111679,0.000001396,68.764836644,0.122935623,0.729193500,11823.513800000,6.516766198,8.691146859,8.691146859,6.516766198,0.000001396,0.002711807,5.000000000,0.122935623,0.122935623,28614.203383982,3.395682734,0.342651115,2.153655878,10.923746303,538028653.036113501,0.004619501,0.596568798,0.002755850,0.000000000,3.200000000,2.469788851
Thailand,13931.811470000,67010502,0.503740000,0.666666667,0.741666667,0.240336363,3.000000000,0.200000000,1.500000000,0.060000000,0.800000000,0.050000000,0.170330000,1.000000000,0.543239422,1.170357273,90.374742859,6056056887.100338936,0.000001589,106.448445739,13.707634226,2.246315900,69659.057350000,90.374742859,105.770737575,105.770737575,90.374742859,0.000001589,0.010453232,5.000000000,13.707634226,13.707634226,289839.858107860,3.384201276,2.563113160,1.000054229,177.742114765,11910588336.951507568,0.012758005,0.508459928,0.006486934,0.000000000,3.200000000,1.146851180
Togo,1345.914280000,6816982,0.399640000,0.200000000,0.250000000,0.370892031,3.000000000,0.200000000,1.500000000,0.060000000,0.800000000,0.050000000,0.023320000,1.000000000,0.009771736,1.293688514,4.275632070,29146906.860958472,0.000002151,14.662427875,0.008411441,0.215676770,6729.571400000,4.275632070,5.531336101,5.531336101,4.275632070,0.000002151,0.001791196,5.000000000,0.008411441,0.008411441,18144.286837520,3.396685426,0.116069269,3.377928386,7.226253245,49261238.299210243,0.005369029,0.591680353,0.003176749,0.000000000,0.800000000,3.489595440
Turkey,18567.134710000,74932641,0.733970000,0.866666667,0.691666667,0.412166909,3.000000000,0.200000000,1.500000000,0.060000000,0.800000000,0.050000000,0.029050000,1.000000000,0.214396496,1.332679407,53.954006743,4042916217.771312714,0.000000650,48.672975867,3.858145653,0.243804510,92835.673550000,53.954006743,71.903393689,71.903393689,53.954006743,0.000000650,0.004946700,5.000000000,3.858145653,3.858145653,225238.056302591,3.392897688,1.131633543,1.381382419,111.824996984,8379342353.846198082,0.006022738,0.482486101,0.002905888,0.000000000,3.200000000,1.584154150
Uganda,1620.576940000,37578876,0.161010000,0.666666667,0.591666667,0.573574552,3.000000000,0.200000000,1.500000000,0.060000000,0.800000000,0.050000000,0.005530000,1.000000000,0.160690348,1.485155398,2.726614046,102463091.130881727,0.000001260,47.347785190,0.077047573,0.952508000,8102.884700000,2.726614046,4.049445570,4.049445570,2.726614046,0.000001260,0.002804706,5.000000000,0.077047573,0.077047573,14126.994773845,3.395840865,1.052026861,2.014186479,5.592856039,210173243.581523776,0.003451151,0.487517295,0.001682496,0.000000000,2.400000000,2.228082388
Ukraine,8508.014790000,45489600,0.696950000,0.000000000,0.050000000,0.245854192,3.000000000,0.200000000,1.500000000,0.060000000,0.800000000,0.050000000,0.039420000,1.000000000,0.327983757,1.175569768,50.353322203,2290552485.694042206,0.000001292,58.755624253,0.000000000,0.337588020,42540.073950000,50.353322203,59.193843282,59.193843282,50.353322203,0.000001292,0.003361880,5.000000000,0.000000000,0.000000000,173029.686936869,3.393308591,1.731517536,2.361233265,68.970520687,3137441397.840812683,0.008106535,0.730070205,0.005918340,0.000000000,0.000000000,2.361233265
United Kingdom,36931.474230000,64106779,0.825920000,0.800000000,0.891666667,0.303128175,3.000000000,0.200000000,1.500000000,0.060000000,0.800000000,0.050000000,0.039700000,1.000000000,0.247859099,1.229674438,20.653282436,1324015412.765308619,0.000000060,3.838848116,0.455315450,2.395507300,184657.371150000,20.653282436,25.396813467,25.396813467,20.653282436,0.000000060,0.000711673,5.000000000,0.455315450,0.455315450,609172.576265756,3.398950433,1.498589406,1.131091584,28.920640502,1854009109.172483206,0.000783089,0.714136412,0.000559233,0.000000000,4.000000000,1.346537600
United States,51340.487630000,316128839,0.816170000,0.733333333,0.916666667,0.318736853,3.000000000,0.200000000,1.500000000,0.060000000,0.800000000,0.050000000,0.036960000,1.000000000,0.246697201,1.244419395,124.745127977,39435532478.313262939,0.000000250,78.929556061,2.721159354,2.819917900,256702.438150000,124.745127977,155.235256649,155.235256649,124.745127977,0.000000250,0.001542577,5.000000000,2.721159354,2.721159354,805374.199609348,3.398205977,1.473597069,2.652480981,197.616431148,62472252946.297355652,0.003849134,0.631248764,0.002429761,0.000000000,3.200000000,3.041835988
Uruguay,18965.816540000,3407062,0.953110000,0.666666667,0.633333333,0.291886654,3.000000000,0.200000000,1.500000000,0.060000000,0.800000000,0.050000000,0.017540000,1.000000000,0.220602730,1.219054978,10.962227574,37348989.003421471,0.000000106,0.361298660,0.354273491,0.351823590,94829.082700000,10.962227574,13.363558089,13.363558089,10.962227574,0.000000106,0.000468046,5.000000000,0.354273491,0.354273491,324883.242895793,3.399274211,1.112987450,2.079407604,18.846880544,64212490.520880833,0.000993729,0.581646790,0.000577999,0.000000000,2.400000000,2.300229650
Uzbekistan,5002.149120000,30243200,0.363650000,0.000000000,0.000000000,0.730183657,3.000000000,0.200000000,1.500000000,0.060000000,0.800000000,0.050000000,0.046420000,1.000000000,0.244722081,1.633098384,12.114653842,366385899.067122221,0.000001146,34.649488359,0.000000000,0.043341896,25010.745600000,12.114653842,19.784421611,19.784421611,12.114653842,0.000001146,0.012452501,5.000000000,0.000000000,0.000000000,34252.677897463,3.375711841,1.374318179,0.938124965,27.578985352,834076769.795470357,0.005513427,0.439271195,0.002421890,0.000000000,0.000000000,0.938124965
"Venezuela, RB",17614.598210000,30405207,0.889900000,0.000000000,0.050000000,0.313169808,3.000000000,0.200000000,1.500000000,0.060000000,0.800000000,0.050000000,0.033480000,1.000000000,0.122833733,1.239160407,106.912155555,3250686220.451086044,0.000001093,33.230849769,0.000000000,0.792333410,88072.991050000,106.912155555,132.481310207,132.481310207,106.912155555,0.000001093,0.002815467,5.000000000,0.000000000,0.000000000,281230.785475077,3.394315923,0.631536533,3.405685097,173.865489571,5286416200.568634033,0.009870534,0.614913033,0.006069520,0.000000000,0.000000000,3.405685097
Vietnam,5124.603520000,89708900,0.335930000,0.533333333,0.591666667,0.269704551,3.000000000,0.200000000,1.500000000,0.060000000,0.800000000,0.050000000,0.210900000,1.000000000,0.257158744,1.198100343,76.462316167,6859350274.785234451,0.000004223,378.801675034,1.694323115,0.450797920,25623.017600000,76.462316167,91.609527234,91.609527234,76.462316167,0.000004223,0.021279555,5.000000000,1.694323115,1.694323115,95004.023867913,3.366330668,1.279541373,1.019356926,105.399710952,9455292129.858228683,0.020567388,0.725450909,0.014920631,0.000000000,3.200000000,1.168987300
"Yemen, Rep.",3832.284740000,24407381,0.346060000,0.333333333,0.166666667,0.219131476,3.000000000,0.200000000,1.500000000,0.060000000,0.800000000,0.050000000,0.019830000,1.000000000,0.082342956,1.150325779,19.143161742,467234442.172810078,0.000001550,37.831688668,0.066343275,0.067516960,19161.423700000,19.143161742,22.020872437,22.020872437,19.143161742,0.000001550,0.003738188,5.000000000,0.066343275,0.066343275,87442.589624666,3.393364357,0.429766663,1.452000000,25.020162024,610676627.194025993,0.006528785,0.765109423,0.004995235,0.000000000,0.800000000,1.500000000
Zambia,3799.540440000,14538640,0.409220000,0.866666667,0.541666667,0.425750249,3.000000000,0.200000000,1.500000000,0.060000000,0.800000000,0.050000000,0.018590000,1.000000000,0.125313006,1.345511099,7.327752650,106535557.789304823,0.000001166,16.949496315,0.261993572,0.734526050,18997.702200000,7.327752650,9.859572522,9.859572522,7.327752650,0.000001166,0.002286946,5.000000000,0.261993572,0.261993572,44621.705399267,3.397051491,0.645543605,2.153655878,18.578269711,270102775.158085406,0.004889610,0.394426002,0.001928589,0.000000000,3.200000000,2.469788851
