country,income_cat,n,c,axfin,gamma_SP,k,fa,shew
Albania,nonpoor,0.8,12935.255293,0.09645449,1.094743098803578,70385.98354829606,0.019638884863824358,0.0
Albania,poor,0.2,5054.830828,0.04461803,0.6210276047856879,24996.74090361007,0.018856440435590784,0.0
Algeria,nonpoor,0.8,15765.736372649999,0.1647805,1.0434668433871528,55208.17433685575,0.02401195919508335,0.6000000000000002
Algeria,poor,0.2,6542.954609399999,0.10180030000000001,0.8261326264513882,20092.821340769053,0.024618910941255734,0.6000000000000002
Angola,nonpoor,0.8,7076.837299014998,0.22208070000000002,1.160475742156355,16402.70600862844,0.002501448504453897,0.0
Angola,poor,0.2,1615.85291394,0.040258800000000004,0.358097031374579,3592.1886702125244,0.011066076712731507,0.0
Antigua and Barbuda,nonpoor,0.8,25995.729435513753,0.153,1.2236108957535194,65006.56469537087,0.2771483662530562,0.4000000000000002
Antigua and Barbuda,poor,0.2,1082.170407945,0.153,0.10555641698592254,2301.5728287279408,0.2905355316131461,0.4000000000000002
Argentina,nonpoor,0.8,21956.203931874996,0.06069045,1.1656900384310698,81715.8279973412,0.007588824149980052,0.8000000000000004
Argentina,poor,0.2,4622.3587225,0.01099222,0.3372398462757205,16105.861928017695,0.00796235157520533,0.8000000000000004
Armenia,nonpoor,0.8,9429.012981461248,0.02506004,1.043057699044706,27015.099529453375,0.047251901683744206,0.4000000000000002
Armenia,poor,0.2,3235.1445191549997,0.0044171390000000005,0.8277692038211759,3615.8339051832586,0.04710384521107197,0.4000000000000002
Australia,nonpoor,0.8,51286.942405237496,0.702807,0.9182778183098946,194805.08605236717,0.004856707049933125,1.0
Australia,poor,0.2,16155.110229049997,0.48560159999999997,1.3268887267604212,29628.142656137006,0.005230268320622871,1.0
Austria,nonpoor,0.8,51160.08194902499,0.6850328,1.1274635775032424,223505.16040076534,0.021231532291325614,1.0
Austria,poor,0.2,17553.296303899995,0.48613950000000006,0.49014568998702934,62562.110064528744,0.022845595601068573,1.0
Azerbaijan,nonpoor,0.8,18321.515293,0.06077156,1.0385490136674986,32736.606153153327,0.022817046605112943,0.0
Azerbaijan,poor,0.2,6720.555828,0.04266026,0.8458039453300048,2794.415522669797,0.02315855571121572,0.0
Bangladesh,nonpoor,0.8,3792.3614377300005,0.09956344,1.2009785036951577,12982.332550713123,0.0571578608972592,0.8000000000000004
Bangladesh,poor,0.2,1427.3220290799998,0.03864263,0.19608598521936924,5358.407050647597,0.05703907639563037,0.8000000000000004
Belarus,nonpoor,0.8,18929.8716101,0.1958292,1.0448748392719511,51625.99064204522,0.0143235703749746,0.8000000000000004
Belarus,poor,0.2,8041.0074096,0.07855246,0.8205006429121953,10242.519484838376,0.015065419198939368,0.8000000000000004
Belgium,nonpoor,0.8,48093.056564625,0.6023575,1.084866627560227,230180.756779416,0.006230487115074185,0.0
Belgium,poor,0.2,18100.6689915,0.4867135,0.6605334897590918,50578.9312561272,0.006501380865777602,0.0
Belize,nonpoor,0.8,9492.698404740997,0.2864756,1.1125850827568646,9983.385958959147,0.1976961431109093,0.0
Belize,poor,0.2,1259.2855410359996,0.1267646,0.5496596689725407,865.3283980573058,0.20874446435319358,0.0
Benin,nonpoor,0.8,2432.05327464,0.09291302,1.2243358144014043,7357.267779813516,0.007687678974306542,0.4000000000000002
Benin,poor,0.2,321.59382144,0.0402082,0.10265674239438313,1001.5294293999627,0.017189550866231335,0.4000000000000002
Bhutan,nonpoor,0.8,9625.40387442375,0.2584666,1.1398036483700025,51890.35029825778,0.030320092364825038,0.6000000000000002
Bhutan,poor,0.2,2764.8534173049998,0.1739075,0.44078540651998993,14808.967871489716,0.02833419694039809,0.6000000000000002
Bolivia,nonpoor,0.8,8057.932366030001,0.3135603,1.1071623813558793,19345.73404394692,0.01803158221184458,0.6000000000000002
Bolivia,poor,0.2,1308.05145588,0.1129292,0.5713504745764819,2126.456108015308,0.01861147269382578,0.6000000000000002
Bosnia and Herzegovina,nonpoor,0.8,13069.088599287501,0.11128210000000001,1.0890473537432623,40691.85275263295,0.015792957499217133,0.0
Bosnia and Herzegovina,poor,0.2,4361.082652849999,0.05371241,0.6438105850269504,12076.063619619661,0.01602882617475048,0.0
Botswana,nonpoor,0.8,19103.733027899998,0.3458668,1.0839556918065747,68319.8839868128,0.004730614342352396,0.8000000000000004
Botswana,poor,0.2,2201.2531883999995,0.1474994,0.6641772327737004,6316.178692826256,0.004992082295532853,0.8000000000000004
Brazil,nonpoor,0.8,16898.548402099997,0.1676081,1.2114325556981178,63546.49813667091,0.0022098078060825504,0.2000000000000001
Brazil,poor,0.2,2524.2644916000004,0.05749141,0.15426977720752866,9839.067832578332,0.002453449345485601,0.2000000000000001
Bulgaria,nonpoor,0.8,20908.56876675,0.199541,1.1315847765002909,66448.1273747596,0.007958753128560021,0.8000000000000004
Bulgaria,poor,0.2,5338.357983,0.05927353,0.47366089399883593,9597.653871832343,0.007557874282080511,0.8000000000000004
Burkina Faso,nonpoor,0.8,1882.3555122224998,0.1090839,1.1573123974878676,4638.940373439092,0.0031931741804776714,0.6000000000000002
Burkina Faso,poor,0.2,681.50712111,0.05447056,0.37075041004852866,1684.8984356618994,0.0020792762105435996,0.6000000000000002
Burundi,nonpoor,0.8,839.2692234456251,0.05378873,1.154645390796324,1814.2836934300133,0.023997810386982277,0.6000000000000002
Burundi,poor,0.2,248.80591371750003,0.01814623,0.3814184368147044,531.2970383458926,0.02451551091439813,0.6000000000000002
Cameroon,nonpoor,0.8,3995.2637403937497,0.1220212,1.2027776008659807,9518.021782443884,0.017689137965562172,0.8000000000000004
Cameroon,poor,0.2,753.0340034249999,0.01092981,0.1888895965360776,1795.8922400239749,0.024967159564152106,0.8000000000000004
Canada,nonpoor,0.8,50335.226034974985,0.6994052,0.9480528519889098,155912.69048265088,0.009299262194611276,0.8000000000000004
Canada,poor,0.2,14227.5157101,0.5176056,1.2077885920443607,18908.90724572721,0.010149450580794875,0.8000000000000004
Central African Republic,nonpoor,0.8,783.125487652,0.03726327,1.1969176919665334,2488.2788164411277,0.008844563721965765,0.0
Central African Republic,poor,0.2,106.900273392,0.0062126659999999995,0.21232923213386592,339.071216803996,0.010503547810584166,0.0
Chad,nonpoor,0.8,2194.33107466125,0.05942366,1.1970792830140142,2912.7107356809856,0.007183639055310221,0.0
Chad,poor,0.2,452.249096355,0.026735900000000003,0.21168286794394292,602.9557947063653,0.007975668512864898,0.0
Chile,nonpoor,0.8,27020.9974426,0.1811644,1.138764501160066,78369.42721288448,0.08254404263515192,0.8000000000000004
Chile,poor,0.2,5449.6129296,0.1033565,0.4449419953597357,13337.279766633104,0.08383868540530197,0.8000000000000004
China,nonpoor,0.8,17063.345477099996,0.4840392,1.1025467859810107,75344.62797916123,0.01426962808657611,0.8000000000000004
China,poor,0.2,3743.8563916000003,0.305054,0.5898128560759575,12723.118038274242,0.014574898221570175,0.8000000000000004
Colombia,nonpoor,0.8,15765.595214050001,0.1673623,1.182571769961846,56435.411571283796,0.05981587883859434,0.8000000000000004
Colombia,poor,0.2,2559.2433438,0.05714529,0.26971292015261583,8806.207710958513,0.0648634354292349,0.8000000000000004
Comoros,nonpoor,0.8,1684.5631046812498,0.1475529,1.1747780139957908,8513.47456893836,0.008888570557814073,0.6000000000000002
Comoros,poor,0.2,317.509276275,0.03531137,0.30088794401683605,1588.6919370058736,0.009070667471329334,0.6000000000000002
"Congo, Dem. Rep.",nonpoor,0.8,878.7251919599998,0.06591558,1.2023387285734228,3701.296720972511,0.015355498673064827,0.4000000000000002
"Congo, Dem. Rep.",poor,0.2,204.57094415999995,0.02017935,0.19064508570630787,885.0790568415374,0.029402558800844483,0.4000000000000002
"Congo, Rep.",nonpoor,0.8,6348.421639347499,0.13450479999999998,1.1858645474303984,17058.267339380902,0.03888624632768385,0.0
"Congo, Rep.",poor,0.2,1113.29314761,0.04429218,0.25654181027840633,2878.2283671241703,0.04312974694518529,0.0
Costa Rica,nonpoor,0.8,18443.28726875,0.29628730000000003,1.169530910024198,38451.55464023559,0.021312934889091997,1.0
Costa Rica,poor,0.2,3234.313425,0.1604869,0.32187635990320806,5994.530695410934,0.021312934889091997,1.0
Cote d'Ivoire,nonpoor,0.8,4036.9408125375003,0.1283048,1.165601919667982,7017.2795606780555,0.006455175124759343,0.0
Cote d'Ivoire,poor,0.2,976.05779985,0.02885922,0.337592321328072,1660.953822329393,0.00630648727273055,0.0
Croatia,nonpoor,0.8,24945.532537612497,0.292387,1.0776290716070744,111320.18213674576,0.012363820345966241,0.8000000000000004
Croatia,poor,0.2,7857.7081995499975,0.2455249,0.6894837135717019,21657.86375081343,0.012850915004392704,0.8000000000000004
Cyprus,nonpoor,0.8,36070.26619124999,0.2639375,1.1127463956790131,181939.7965416929,0.023258683982928987,0.0
Cyprus,poor,0.2,12375.900234999997,0.15590479999999998,0.5490144172839468,48739.87983108054,0.023262858023031012,0.0
Czech Republic,nonpoor,0.8,35373.7553932875,0.42273649999999996,1.1396342038746883,146369.3861377266,0.007958240400313862,1.0
Czech Republic,poor,0.2,15199.35447685,0.3099159,0.4414631845012468,67960.67941944115,0.00868623173632199,1.0
Denmark,nonpoor,0.8,52085.06206335001,0.6937743000000001,1.0428507107699565,237517.52131668662,0.00036154901313094806,0.8000000000000004
Denmark,poor,0.2,21615.8756466,0.5787514,0.8285971569201745,49278.30162510363,0.00040141146537064616,0.8000000000000004
Dominica,nonpoor,0.8,12206.9893803,0.44,0.9791213179545516,8469.39980351651,0.32468308528824746,0.0
Dominica,poor,0.2,1928.7550787999999,0.44,1.0835147281817934,610.6984394123095,0.33791240129772826,0.0
Dominican Republic,nonpoor,0.8,16760.038690462497,0.3398572,1.1421788441015974,44683.01571295257,0.0911278938793328,0.8000000000000004
Dominican Republic,poor,0.2,3454.2245881499994,0.16015629999999997,0.4312846235936101,8181.114279386667,0.0903646001049498,0.8000000000000004
Ecuador,nonpoor,0.8,12417.9046686875,0.17610920000000002,1.1633548947721004,48491.0131241169,0.021246658983278436,0.6000000000000002
Ecuador,poor,0.2,2449.7020752500002,0.09100455,0.34658042091159824,8469.698777734573,0.022617082233824446,0.6000000000000002
"Egypt, Arab Rep.",nonpoor,0.8,11725.255686712499,0.05446997,1.1530944263089176,23747.19633000709,0.0076064887764645825,0.6000000000000002
"Egypt, Arab Rep.",poor,0.2,4695.261903149999,0.02068763,0.38762229476432974,9716.069306633432,0.012848634834778732,0.6000000000000002
El Salvador,nonpoor,0.8,9398.234272369999,0.2072156,1.1863991636242528,69861.19908201451,0.01923097255085014,0.6000000000000002
El Salvador,poor,0.2,2357.04919052,0.0411891,0.25440334550298865,18148.486541262417,0.019824431887167124,0.6000000000000002
Estonia,nonpoor,0.8,32501.975952499997,0.3648965,1.115597341427031,118365.44985848924,0.016054063254850263,0.0
Estonia,poor,0.2,10541.181389999998,0.24340720000000002,0.5376106342918765,28390.9773850762,0.016656991089223465,0.0
Ethiopia,nonpoor,0.8,1877.6826332299997,0.1639884,1.144033937920317,4976.806907507748,0.01054674819851652,0.8000000000000004
Ethiopia,poor,0.2,530.7368470800001,0.09488185,0.4238642483187311,1359.9598541029939,0.0069345420883896456,0.8000000000000004
Fiji,nonpoor,0.8,9756.59016948,0.6,1.110292618161369,29195.47553159408,0.11634146993580463,1.0
Fiji,poor,0.2,3209.9604020799993,0.6,0.5588295273545235,8869.446395541707,0.11297723953756832,1.0
France,nonpoor,0.8,43817.834766825,0.5990517,1.122863009275521,199131.64377692682,0.015957223075173277,1.0
France,poor,0.2,15034.1322327,0.4053758,0.5085479628979154,55145.70005891243,0.01737424553342194,1.0
Gabon,nonpoor,0.8,19765.515847799998,0.24289940000000002,1.1241142576184826,60303.85685163893,0.019634810886401646,0.2000000000000001
Gabon,poor,0.2,4867.9402088,0.08577912,0.5035429695260693,13185.469065972566,0.04064928075158907,0.2000000000000001
Georgia,nonpoor,0.8,10819.02863089875,0.008063393,1.1061232802782208,31837.463916355337,0.05931856577947071,0.6000000000000002
Georgia,poor,0.2,3107.7166914050003,0.01164885,0.5755068788871167,336.02730592897626,0.05999517901794764,0.6000000000000002
Germany,nonpoor,0.8,51121.27853382501,0.6140809,1.094490686392932,193624.4009438823,0.009816758073521446,0.8000000000000004
Germany,poor,0.2,17299.1745147,0.5265064,0.6220372544282718,37847.14406780887,0.010510568971947245,0.8000000000000004
Ghana,nonpoor,0.8,4706.588990345,0.2321198,1.0061650235322845,11898.036147904933,0.003771480588952216,0.8000000000000004
Ghana,poor,0.2,1074.6545686200002,0.1174127,0.9753399058708615,1192.612100808711,0.004516518566334925,0.8000000000000004
Greece,nonpoor,0.8,28493.470931112497,0.16323,1.192105367812764,118773.44754646554,0.06193571684386237,1.0
Greece,poor,0.2,7146.077725550001,0.0654293,0.23157852874894386,36410.35338414375,0.06207053960463205,1.0
Guatemala,nonpoor,0.8,8794.079872999999,0.2047981,1.0927804006661896,13627.795174592397,0.05686214979984785,0.4000000000000002
Guatemala,poor,0.2,1657.5229079999997,0.06985804,0.6288783973352412,2369.548007984827,0.06214476117586902,0.4000000000000002
Guinea,nonpoor,0.8,2105.9563001399997,0.044386400000000006,1.224992096212182,5970.003918832424,0.008079835219474356,0.6000000000000002
Guinea,poor,0.2,692.8687394399998,0.0054247290000000005,0.10003161515127154,2088.3302455943394,0.009834770211986782,0.6000000000000002
Guinea-Bissau,nonpoor,0.8,1780.69533139375,0.0002,1.2060049540475468,4203.518632334276,0.00418003125430345,0.2000000000000001
Guinea-Bissau,poor,0.2,335.62843942499995,0.0002,0.17598018380981229,810.2350417162945,0.004473700172259873,0.2000000000000001
Guyana,nonpoor,0.8,8674.187746468748,0.68,1.1412457164319647,22921.839855259448,0.042051222359334665,0.0
Guyana,poor,0.2,1634.9254391249997,0.68,0.4350171342721406,3709.3817780596532,0.06606312586582319,0.0
Haiti,nonpoor,0.8,1953.74243295,0.12755239999999998,1.1998446326513026,14646.0725649552,0.2096786318902968,0.6000000000000002
Haiti,poor,0.2,454.8395082,0.04369855,0.20062146939478936,3423.6435351574028,0.22277297257648246,0.6000000000000002
Honduras,nonpoor,0.8,5314.641795869999,0.1964441,1.1757247746209143,14683.81730611304,0.05057471527764967,0.4000000000000002
Honduras,poor,0.2,702.76255152,0.06635398,0.2971009015163429,1665.6411653273613,0.05211412669320876,0.4000000000000002
Hungary,nonpoor,0.8,29577.916740000004,0.2304348,1.0899740897623416,142750.21958606367,0.03151808663207275,1.0
Hungary,poor,0.2,10009.01304,0.1423596,0.6401036409506339,8928.715238288256,0.03889313585445867,1.0
India,nonpoor,0.8,6983.69788118625,0.18833629999999998,1.074368802678621,15563.266397306474,0.004772864432565895,0.8000000000000004
India,poor,0.2,2528.448960255,0.07480032,0.7025247892855163,5064.525352942419,0.005100755407046798,0.8000000000000004
Indonesia,nonpoor,0.8,12486.87568,0.3511817,1.0835565390321888,40663.31464666038,0.020460640350976524,0.8000000000000004
Indonesia,poor,0.2,3875.2372800000007,0.1379658,0.6657738438712437,10981.467491930242,0.020127889418401997,0.8000000000000004
"Iran, Islamic Rep.",nonpoor,0.8,21665.404197962496,0.2603003,1.0937452302604551,68854.21922883879,0.014086273323945374,0.4000000000000002
"Iran, Islamic Rep.",poor,0.2,5826.76825815,0.1516682,0.6250190789581803,15431.511991595651,0.01449608127099206,0.4000000000000002
Iraq,nonpoor,0.8,18339.086588399998,0.03651581,1.1249677724876994,31450.83211061367,0.016127135024084662,0.6000000000000002
Iraq,poor,0.2,7078.2439464,0.033137599999999996,0.5001289100492016,11905.32940105256,0.019310382573519726,0.6000000000000002
Ireland,nonpoor,0.8,72875.453703675,0.5566727,1.0968175885876217,245536.7962844288,0.008708794009962337,0.0
Ireland,poor,0.2,25003.955885299998,0.40051929999999997,0.6127296456495123,34737.03060981083,0.009614262816876211,0.0
Israel,nonpoor,0.8,38940.066149125,0.6097891,1.0932522782033902,110566.85756033876,0.006026560614601165,0.0
Israel,poor,0.2,7681.7759035,0.4204639,0.6269908871864386,13665.464435568301,0.006033022002165367,0.0
Italy,nonpoor,0.8,40685.5944796,0.44066890000000003,1.1692501198879177,199233.61265251364,0.013674794639191022,1.0
Italy,poor,0.2,10756.958881600001,0.20171340000000001,0.32299952044832936,51008.794778390555,0.013916870195247344,1.0
Jamaica,nonpoor,0.8,9682.625577474999,0.3520919,1.1351534967410017,25602.645501828385,0.09203442246258972,0.8000000000000004
Jamaica,poor,0.2,2167.5993900999997,0.21472039999999998,0.45938601303599236,4930.949346719317,0.09324754812621247,0.8000000000000004
Japan,nonpoor,0.8,44277.038569549986,0.6250876999999999,0.9972538092796331,218193.37092388654,0.028271416051328917,0.8000000000000004
Japan,poor,0.2,14153.3514218,0.5732915,1.0109847628814677,36080.36095558936,0.029285948816963375,0.8000000000000004
Jordan,nonpoor,0.8,9627.071248664999,0.05062747,1.1269726833232263,55040.219389335485,0.0065216837234177445,0.6000000000000002
Jordan,poor,0.2,3439.737875339999,0.01797048,0.492109266707094,18556.24644196348,0.006549799454541808,0.6000000000000002
Kazakhstan,nonpoor,0.8,26377.3856925,0.1153157,1.0824581456260591,79948.85508188594,0.025083582329589127,0.8000000000000004
Kazakhstan,poor,0.2,11723.28253,0.02605716,0.6701674174957633,34842.19779397181,0.027287961256041906,0.8000000000000004
Kenya,nonpoor,0.8,3485.12209237625,0.4164474,1.2046219337021318,7521.44567437286,0.004639731127777076,0.4000000000000002
Kenya,poor,0.2,687.516215495,0.1333483,0.18151226519147173,1510.890782537698,0.00759624306845239,0.4000000000000002
Kiribati,nonpoor,0.8,2282.6438396024996,0.0,1.1647459110901046,8040.7351571939025,0.001300149613703875,0.0
Kiribati,poor,0.2,645.2012565900001,0.0,0.34101635563958116,2264.92019350908,0.001300149613703875,0.0
"Korea, Rep.",nonpoor,0.8,40539.8529111375,0.6404361999999999,1.0226672556743923,175492.9535947692,0.03210337952980487,1.0
"Korea, Rep.",poor,0.2,12769.835005449999,0.3633893,0.9093309773024305,36769.563140739345,0.03543838722914717,1.0
Kyrgyz Republic,nonpoor,0.8,3705.413621625,0.0561118,1.091495454490235,7203.316597997309,0.06667653564512724,0.8000000000000004
Kyrgyz Republic,poor,0.2,1646.8504985,0.03731649,0.6340181820390598,2843.197410216897,0.0668395061178478,0.8000000000000004
Lao PDR,nonpoor,0.8,7014.573367725001,0.2385275,1.2219256315570572,28127.45796180367,0.059108524460250125,0.6000000000000002
Lao PDR,poor,0.2,2307.8250041,0.1325088,0.11229747377177077,10281.333763032208,0.05048113184541487,0.6000000000000002
Latvia,nonpoor,0.8,27554.736464449998,0.2983719,1.037743970921779,119363.93780386388,0.049781618163807086,0.0
Latvia,poor,0.2,8423.622342199998,0.185183,0.849024116312884,18189.541675943557,0.040232780686689756,0.0
Lebanon,nonpoor,0.8,15274.653412124999,0.2486327,1.1321144796189864,91264.2693764,0.012295227867150767,0.6000000000000002
Lebanon,poor,0.2,5240.814851499999,0.06085023,0.4715420815240552,30626.88544557517,0.012362797420524298,0.6000000000000002
Lesotho,nonpoor,0.8,3324.6711974249997,0.1136827,1.2236656497551985,16678.492565482054,0.01215876541961299,0.4000000000000002
Lesotho,poor,0.2,383.0896852999999,0.02873374,0.10533740097920545,1965.4662441466678,0.011532663786190672,0.4000000000000002
Liberia,nonpoor,0.8,869.41682602125,0.20074909999999999,1.2152277068622774,1826.025149818139,0.010743978798813726,0.0
Liberia,poor,0.2,290.11959091499995,0.0449625,0.13908917255089037,669.8478436680792,0.010774936689128854,0.0
Lithuania,nonpoor,0.8,32799.0529971,0.3604111,1.0707658342263315,109643.90685160829,0.01834823179296378,0.0
Lithuania,poor,0.2,8522.8636116,0.16736099999999998,0.716936663094674,7861.937583879948,0.020371209278633267,0.0
Luxembourg,nonpoor,0.8,109277.7537264,0.6614446999999999,1.1335495459984213,446308.0308403311,0.004732870509912735,0.0
Luxembourg,poor,0.2,37493.7786944,0.5098123999999999,0.4658018160063143,134452.08109252405,0.005082099602809849,0.0
"Macedonia, FYR",nonpoor,0.8,15404.771155799997,0.1795803,1.0958980051711549,59880.91441328523,0.02176471299982124,0.6000000000000002
"Macedonia, FYR",poor,0.2,3655.3694267999995,0.07452801,0.6164079793153802,7791.608595126285,0.022338822285926593,0.6000000000000002
Madagascar,nonpoor,0.8,1646.32430868125,0.04567038,1.1939805082534478,5590.940289129666,0.03688258506051306,0.4000000000000002
Madagascar,poor,0.2,398.050840275,0.01404179,0.22407796698620852,1383.228396038358,0.033226010723277036,0.4000000000000002
Malawi,nonpoor,0.8,1280.24042855625,0.08640283,1.1998895803170941,5056.802426149338,0.02435011668234992,0.8000000000000004
Malawi,poor,0.2,298.045390775,0.04726892,0.20044167873162316,1185.3103153881505,0.024518443929987314,0.8000000000000004
Malaysia,nonpoor,0.8,30610.144599299998,0.3924174,1.1131926371885639,122685.82615985154,0.019664296247751848,1.0
Malaysia,poor,0.2,5903.843402799999,0.255594,0.5472294512457437,21417.336128853294,0.021642245946048983,1.0
Maldives,nonpoor,0.8,16650.8949321,0.55,1.1071391444825833,51068.99797327456,0.0006266171021001831,0.4000000000000002
Maldives,poor,0.2,4554.090921600001,0.55,0.571443422069666,13759.65246367845,0.0006266171021001831,0.4000000000000002
Mali,nonpoor,0.8,2266.747152,0.04243126,1.2014434727965169,3512.22571522774,0.04333605245039694,0.6000000000000002
Mali,poor,0.2,788.4337919999999,0.008713539000000001,0.19422610881393249,1258.235428250976,0.02408655307038008,0.6000000000000002
Malta,nonpoor,0.8,40793.071825825,0.5080592,1.0909121012330236,187100.18177255176,0.010780463121445438,0.0
Malta,poor,0.2,15353.191146699995,0.2980542,0.6363515950679048,48885.68486603849,0.010780463121445438,0.0
Mauritania,nonpoor,0.8,4130.4493859375,0.1524401,1.1747092302200512,17320.96321037823,0.03701726078704009,0.6000000000000002
Mauritania,poor,0.2,1339.6052062499998,0.03751141,0.30116307911979445,5730.657234135603,0.040938159295606215,0.6000000000000002
Mauritius,nonpoor,0.8,22649.369281449995,0.4367753,1.1391575970056007,77434.89418930573,0.022418060048886124,0.8000000000000004
Mauritius,poor,0.2,7239.971174200001,0.2319739,0.44336961197759694,22123.392072241826,0.02299329572790916,0.8000000000000004
Mexico,nonpoor,0.8,19841.265808400003,0.19560479999999997,1.1178785755167964,54952.226130935436,0.005783104369089118,0.8000000000000004
Mexico,poor,0.2,4797.2519664,0.07032508,0.528485697932815,8729.68045783933,0.005542042102289971,0.8000000000000004
Moldova,nonpoor,0.8,5562.449654625,0.09047662,1.0877014059443781,22090.650519342467,0.026099384793537024,0.6000000000000002
Moldova,poor,0.2,2472.1998465,0.03550953,0.6491943762224873,7942.574110645007,0.020397288182363745,0.6000000000000002
Mongolia,nonpoor,0.8,13065.157382999998,0.4111103,1.0630257133689582,64345.07300544782,0.02739040017181586,0.6000000000000002
Mongolia,poor,0.2,4544.4025679999995,0.21726669999999998,0.7478971465241664,16148.371170168355,0.03006095985315246,0.6000000000000002
Montenegro,nonpoor,0.8,17999.2179174375,0.07029512,1.1460562235649288,49277.111562186765,0.008534565198519051,0.0
Montenegro,poor,0.2,6688.23398025,0.02831399,0.41577510574028415,18528.236022574598,0.009884574731595501,0.0
Morocco,nonpoor,0.8,8515.405350168749,0.1725484,1.0893337029875674,31960.03719182367,0.010038830070595991,0.8000000000000004
Morocco,poor,0.2,2367.9202043249998,0.05141593,0.6426651880497297,7456.411917034782,0.011449666680809146,0.8000000000000004
Myanmar,nonpoor,0.8,6147.223369998749,0.1680227,1.2126339833193434,8482.111936182402,0.07580562313465064,0.4000000000000002
Myanmar,poor,0.2,1936.3422050049994,0.06761485,0.14946406672262577,2814.655569823154,0.08335701791132015,0.4000000000000002
Namibia,nonpoor,0.8,11908.64744042125,0.3485483,1.1600212319933696,43552.58154435136,0.010978078218123053,0.8000000000000004
Namibia,poor,0.2,1625.585793315,0.14453729999999998,0.35991507202652123,4805.174927580424,0.01568377991986486,0.8000000000000004
Nepal,nonpoor,0.8,2633.68422282875,0.22368110000000002,1.178537632374339,9638.169925050663,0.024639969676351747,0.4000000000000002
Nepal,poor,0.2,953.525803685,0.08169342,0.2858494705026432,3965.056961085551,0.028782226837742966,0.4000000000000002
Netherlands,nonpoor,0.8,53946.468604187496,0.6671163,1.1102580016989407,216631.04220003507,0.021187178804610893,1.0
Netherlands,poor,0.2,20562.290333249995,0.485505,0.558967993204237,69434.42124993652,0.02322349805182754,1.0
Nicaragua,nonpoor,0.8,6093.578317157499,0.1150786,1.147297140257474,20447.574558832246,0.024255660949299943,0.6000000000000002
Nicaragua,poor,0.2,1309.8946013699997,0.02887823,0.41081143897010347,3961.754881876905,0.02506065403337275,0.6000000000000002
Niger,nonpoor,0.8,1053.9232587595,0.02122553,1.1564902336374205,4510.778208019874,0.02977303805958477,0.6000000000000002
Niger,poor,0.2,356.6421439619999,0.01784597,0.3740390654503183,1530.8836098979837,0.01654811227001978,0.6000000000000002
Nigeria,nonpoor,0.8,6426.573895087499,0.3224891,1.2374409651553866,7352.229965845546,0.005586113923723236,0.8000000000000004
Nigeria,poor,0.2,1467.3783946500002,0.1970295,0.05023613937845357,1694.892747352693,0.005387400742642054,0.8000000000000004
Norway,nonpoor,0.8,72958.734769375,0.8089857,1.0927670578833806,221093.77145978954,0.00154904951583788,0.8000000000000004
Norway,poor,0.2,28862.7961725,0.7495815,0.6289317684664777,70219.71849590154,0.00154904951583788,0.8000000000000004
Pakistan,nonpoor,0.8,5510.007613965,0.04381021,1.1873877774466484,14524.830592015036,0.013050087651840226,0.6000000000000002
Pakistan,poor,0.2,2233.13083914,0.01694613,0.2504488902134063,6334.0273864941855,0.013869882119268423,0.6000000000000002
Panama,nonpoor,0.8,25788.6083382,0.2403679,1.1814209662579491,47878.156358349304,0.006025457224690773,0.6000000000000002
Panama,poor,0.2,3520.2650472,0.1483164,0.27431613496820356,5944.360524875943,0.007794975965751636,0.6000000000000002
Papua New Guinea,nonpoor,0.8,4600.618818526249,0.1438,1.0656890781769337,14150.077674448474,0.015456787365796022,0.6000000000000002
Papua New Guinea,poor,0.2,988.9633708949998,0.1438,0.7372436872922649,3032.405510304265,0.01647799051705447,0.6000000000000002
Paraguay,nonpoor,0.8,10590.209325875,0.14778729999999998,1.1558418084106976,28919.25829480985,0.011143852599197672,0.8000000000000004
Paraguay,poor,0.2,1996.0603964999998,0.02127697,0.37663276635721016,4768.592855497126,0.012372513931045541,0.8000000000000004
Peru,nonpoor,0.8,14395.373913149999,0.1674962,1.2009446217733193,53182.64221137776,0.07222790426791766,0.6000000000000002
Peru,poor,0.2,2776.4662473999997,0.05837516,0.19622151290672293,10653.064766480136,0.0698248856423856,0.6000000000000002
Philippines,nonpoor,0.8,8448.575305392496,0.21633840000000001,1.1811875214298113,30767.45601260223,0.10326919912136914,0.6000000000000002
Philippines,poor,0.2,2388.0341334299997,0.04855937,0.2752499142807544,9147.917359484325,0.10257292951970809,0.6000000000000002
Poland,nonpoor,0.8,29908.668787624996,0.28244400000000003,1.1289579905598843,73614.00397594683,0.018406662829557063,1.0
Poland,poor,0.2,10544.5143495,0.09776094,0.4841680377604624,20593.25875862323,0.01748324144341333,1.0
Portugal,nonpoor,0.8,31608.481540125,0.3085544,1.1474488245183858,168451.31805253297,0.010535672850110261,0.8000000000000004
Portugal,poor,0.2,9079.3923395,0.160451,0.4102047019264566,38514.44700229274,0.011356817652849314,0.8000000000000004
Romania,nonpoor,0.8,24721.797387,0.18426589999999998,1.1084553273609616,94418.98315650084,0.013808123951590194,0.8000000000000004
Romania,poor,0.2,9186.241651999999,0.05571223,0.5661786905561528,25962.622783662664,0.014683835767111197,0.8000000000000004
Russian Federation,nonpoor,0.8,28414.846040350003,0.18236010000000002,1.1329139439929523,81969.99662694265,0.014250236807902225,0.0
Russian Federation,poor,0.2,8423.735238600002,0.11406240000000001,0.4683442240281907,21765.073326371752,0.014623016234235814,0.0
Rwanda,nonpoor,0.8,2101.8943235399997,0.3914391,1.1868224785795687,2949.328300427502,0.01993658443518349,0.8000000000000004
Rwanda,poor,0.2,461.17512584,0.06397243,0.252710085681725,648.699297286997,0.013295284067097748,0.8000000000000004
Senegal,nonpoor,0.8,2792.8809211200005,0.1060924,1.208991728548784,12247.045838200465,0.003299083456355931,0.6000000000000002
Senegal,poor,0.2,725.73263552,0.008773695,0.16403308580486425,3605.647285235213,0.002620514082413716,0.6000000000000002
Serbia,nonpoor,0.8,15607.513387375,0.11498039999999998,1.1107810620117473,71887.63062387257,0.029537181063719595,0.4000000000000002
Serbia,poor,0.2,6174.4009005,0.0419454,0.5568757519530104,24117.26393528299,0.03215301211124292,0.4000000000000002
Seychelles,nonpoor,0.8,31122.405079975,0.94,1.0978809620555432,144163.62129961286,0.0,0.8000000000000004
Seychelles,poor,0.2,7106.172830100001,0.94,0.6084761517778271,25483.144020971144,0.0,0.8000000000000004
Sierra Leone,nonpoor,0.8,1575.8644990725,0.1585936,1.1704840424850893,3871.181619161647,0.006766762340827447,0.8000000000000004
Sierra Leone,poor,0.2,540.68749371,0.03622707,0.31806383005964284,1336.8944911462659,0.006716179443317848,0.8000000000000004
Slovak Republic,nonpoor,0.8,33411.65756625,0.5120568,1.1336213596275408,109849.53555849158,0.013708031094732271,0.8000000000000004
Slovak Republic,poor,0.2,12415.260735,0.33115959999999994,0.46551456148983683,38081.39504500052,0.010926781224538157,0.8000000000000004
Slovenia,nonpoor,0.8,33820.9418552,0.3861343,1.04360226428817,159477.6396593467,0.027460830668931138,1.0
Slovenia,poor,0.2,14366.4177792,0.24092039999999998,0.8255909428473204,38205.8979975263,0.028388817479100104,1.0
Solomon Islands,nonpoor,0.8,2409.5260469249997,0.26,1.1748429106113236,8109.8627442947745,0.11860765178212596,0.6000000000000002
Solomon Islands,poor,0.2,725.4487023000001,0.26,0.3006283575547056,2468.065278539605,0.12159027079512746,0.6000000000000002
South Africa,nonpoor,0.8,14928.934979,0.4081099,1.1192624858619475,36820.536149218504,0.004573561100240186,0.6000000000000002
South Africa,poor,0.2,1468.4198339999998,0.21105010000000002,0.5229500565522094,1144.4923014003289,0.0047340665862757305,0.6000000000000002
Spain,nonpoor,0.8,39234.341342025,0.5667167,1.1622720440600762,216522.50579331932,0.008594080183695625,0.8000000000000004
Spain,poor,0.2,9662.8101819,0.3559562,0.3509118237596947,44296.94848052849,0.009469841897398298,0.8000000000000004
Sri Lanka,nonpoor,0.8,13530.697468124998,0.3952671,1.1793895130438503,39980.02290689727,0.00441556255291088,0.8000000000000004
Sri Lanka,poor,0.2,4073.7583775000003,0.21430860000000002,0.28244194782459864,12279.014908364497,0.0038346599101195577,0.8000000000000004
St. Lucia,nonpoor,0.8,14227.940351283747,0.35,1.126241320499286,16065.637947241497,0.24566871094392942,0.6000000000000002
St. Lucia,poor,0.2,3140.7461448649997,0.35,0.4950347180028555,3077.9107685200897,0.2567236841046743,0.6000000000000002
St. Vincent and the Grenadines,nonpoor,0.8,10583.547824299998,0.20600000000000002,0.7916195193668787,17355.835378259195,0.198468434376637,0.0
St. Vincent and the Grenadines,poor,0.2,10782.736302799998,0.20600000000000002,1.8335219225324846,14297.134110463281,0.2089592134341289,0.0
Sudan,nonpoor,0.8,5110.1007522049995,0.1002178,1.2499999999999998,5361.151077453321,0.00890639225936787,0.6000000000000002
Sudan,poor,0.2,1491.3598761800004,0.03672906,0.0,1671.7963341242382,0.00640104503265038,0.6000000000000002
Swaziland,nonpoor,0.8,9268.3692708,0.2348936,1.171801072848759,48824.07928304492,0.01650021089282057,0.6000000000000002
Swaziland,poor,0.2,1544.7282118,0.09158991,0.3127957086049643,7551.05224839923,0.017678198779669717,0.6000000000000002
Sweden,nonpoor,0.8,53436.983279625005,0.8096492,1.1187355048051124,151608.59948754363,0.0014643005859840406,0.8000000000000004
Sweden,poor,0.2,19092.952631499997,0.6662128,0.52505798077955,45109.9983819681,0.0016257465035592867,0.8000000000000004
Switzerland,nonpoor,0.8,66185.64615235,0.6177222,1.1032282514708578,238475.94217564195,0.01855599310615353,1.0
Switzerland,poor,0.2,22396.8780906,0.46041340000000003,0.5870869941165691,60417.21946307942,0.01984657885409275,1.0
Tajikistan,nonpoor,0.8,3197.6926618474995,0.02125592,1.0810478059010464,8463.08742030412,0.09339931578345191,0.6000000000000002
Tajikistan,poor,0.2,1022.1566176100002,0.006333106999999999,0.6758087763958138,1985.6987038859588,0.09548094967000224,0.6000000000000002
Tanzania,nonpoor,0.8,2990.5050464974993,0.1217031,1.0744683022067678,7280.357631900718,0.008452559370163329,0.8000000000000004
Tanzania,poor,0.2,955.9281790100001,0.04258187,0.7021267911729278,2141.4248360784372,0.008097184544828752,0.8000000000000004
Thailand,nonpoor,0.8,18251.128978775,0.46914110000000003,1.1537078464646957,76184.61676362349,0.022992939987848873,0.8000000000000004
Thailand,poor,0.2,5410.646184900001,0.3132831,0.38516861414121656,21534.099948149487,0.025356374447952308,0.8000000000000004
Timor-Leste,nonpoor,0.8,2247.6283186275,0.62,1.0977850521470303,17464.571546496503,0.03466192939671521,0.6000000000000002
Timor-Leste,poor,0.2,932.79056049,0.62,0.6088597914118791,7094.938104750835,0.03479710427088329,0.6000000000000002
Togo,nonpoor,0.8,1641.2553245624997,0.08989002,1.1885113460524561,4424.765219391667,0.0058603589106102525,0.2000000000000001
Togo,poor,0.2,345.52743675,0.03249362,0.24595461579017525,933.1774923990814,0.006540342495568104,0.2000000000000001
Tonga,nonpoor,0.8,6212.925372000001,0.008,1.105265029293743,17482.833668642306,0.17355402767365546,0.6000000000000002
Tonga,poor,0.2,1784.634512,0.008,0.5789398828250285,4505.98743755706,0.17355402767365546,0.6000000000000002
Trinidad and Tobago,nonpoor,0.8,36214.982463337496,0.45466229999999996,1.1117982962546973,33944.03341941275,0.10637338579423845,0.6000000000000002
Trinidad and Tobago,poor,0.2,7463.865996649999,0.428774,0.5528068149812111,5425.821348470134,0.10678376266681418,0.6000000000000002
Tunisia,nonpoor,0.8,12539.5396279875,0.1407694,1.075488817262387,50966.553448831946,0.03257126787351015,0.6000000000000002
Tunisia,poor,0.2,3601.9256380500005,0.04612976,0.6980447309504507,11807.64901599318,0.03569239835475943,0.6000000000000002
Turkey,nonpoor,0.8,28002.9558568375,0.1221136,1.150619656211208,68369.06718086415,0.01114469649532443,0.8000000000000004
Turkey,poor,0.2,6770.59802265,0.04858122,0.39752137515516767,14713.827898222506,0.011371191478182066,0.8000000000000004
Uganda,nonpoor,0.8,1973.8868011199997,0.23384429999999998,1.19728945644059,3432.12953745813,0.011764760488439234,0.6000000000000002
Uganda,poor,0.2,539.86647552,0.06975457,0.21084217423763957,978.2251131659201,0.015447515414953157,0.6000000000000002
Ukraine,nonpoor,0.8,8616.97767828,0.10913350000000001,1.0685229458867949,36222.35665779577,0.009110647900918577,0.0
Ukraine,poor,0.2,3872.368166879999,0.03185545,0.7259082164528199,11057.797613796178,0.010094948139477136,0.0
United Kingdom,nonpoor,0.8,45388.3303215625,0.6278858,1.1023878082399456,155091.98226099115,0.006451817082870389,1.0
United Kingdom,poor,0.2,14720.539563749997,0.36570890000000006,0.5904487670402172,27126.686107340403,0.00672201566228166,1.0
United States,nonpoor,0.8,63466.37757562499,0.6432125,0.9134615384615385,205206.97528642562,0.025431352345481193,0.8000000000000004
United States,poor,0.2,13361.3426475,0.38833190000000006,1.3461538461538463,17565.432239670903,0.02576248762536957,0.8000000000000004
Uruguay,nonpoor,0.8,23605.256342324996,0.1757146,1.133596103308318,82819.49372688791,0.003224869374178021,0.6000000000000002
Uruguay,poor,0.2,5813.608780699999,0.05289780000000001,0.46561558676672743,12124.619169480491,0.003580426149991642,0.6000000000000002
Vanuatu,nonpoor,0.8,3331.3643302875003,0.19,1.1426669528519675,11239.14647885853,0.16334144727611236,0.6000000000000002
Vanuatu,poor,0.2,956.9192288500002,0.19,0.4293321885921295,3121.278507274196,0.1654734191579162,0.6000000000000002
Vietnam,nonpoor,0.8,6778.9463325199995,0.1847556,1.2121241632821538,24939.515636058968,0.04142992571339971,0.8000000000000004
Vietnam,poor,0.2,2072.3581899199994,0.09144979,0.15150334687138522,8464.59596239312,0.03817830698583608,0.8000000000000004
West Bank and Gaza,nonpoor,0.8,5064.070339737499,0.07598995,0.7291323979755782,18159.920058847936,0.005826770071711063,0.4000000000000002
West Bank and Gaza,poor,0.2,1689.8522910499996,0.01446696,2.083470408097687,4658.945304363598,0.005853931313055905,0.4000000000000002
"Yemen, Rep.",nonpoor,0.8,2694.17481615,0.01403569,1.1258259325689848,12325.419339704353,0.019026708791539684,0.2000000000000001
"Yemen, Rep.",poor,0.2,848.6505354,0.000864128,0.4966962697240607,3750.262190152309,0.019440578077367876,0.2000000000000001
Zambia,nonpoor,0.8,4426.5005183275,0.2458853,1.1908000603205102,10416.077573501634,0.007565834805681328,0.8000000000000004
Zambia,poor,0.2,528.80953669,0.05518931,0.2367997587179585,1165.521603903354,0.012320935626814593,0.8000000000000004
Zimbabwe,nonpoor,0.8,2213.2621112999996,0.08131872,1.1444139195136958,116.00850364365341,0.003813665341859313,0.8000000000000004
Zimbabwe,poor,0.2,545.0921547999999,0.008329735,0.4223443219452171,26.890431198666395,0.001986291347761952,0.8000000000000004
