country,income_cat,n,c,axfin,gamma_SP,k,fa,v,shew
Albania,nonpoor,0.8,11846.409320548315,0.09645449,1.0955818030404623,64458.16635605338,0.02203172298367265,0.35149999999999987,0.0
Albania,poor,0.2,4600.799670295232,0.04461803,0.6176727878381505,22750.4567251427,0.02115242925244807,0.6999999999999998,0.0
Angola,nonpoor,0.8,8200.408532333118,0.2220807,1.1599876990237534,19007.154917817785,0.0028026684524717835,0.6,0.0
Angola,poor,0.2,1883.3972012506645,0.040258800000000004,0.3600492039049865,4187.0155074258,0.012392222130892661,0.6999999999999997,0.0
Argentina,nonpoor,0.8,21535.06804906542,0.06069045,1.169831917355596,80135.63792991228,0.008505279767317438,0.3972539125,0.8000000000000004
Argentina,poor,0.2,4295.709112149532,0.01099222,0.3206723305776162,14965.309783776736,0.008924634847277412,0.6999999999999998,0.8000000000000004
Armenia,nonpoor,0.8,9036.781365383566,0.02506004,1.029386623944267,25987.899238097194,0.05294395991965164,0.2375,0.4000000000000002
Armenia,poor,0.2,3349.2965899673354,0.0044171390000000005,0.8824535042229322,3757.382906739202,0.052778042589500584,0.2999999999999999,0.4000000000000002
Australia,nonpoor,0.8,50699.33845647778,0.702807,0.9258855604795541,192356.06542429831,0.005447117855877685,0.5385999999999999,1.0
Australia,poor,0.2,15475.54879588537,0.4856016,1.296457758081783,28349.843768898772,0.005865486054315631,0.6999999999999998,1.0
Austria,nonpoor,0.8,50597.34397342101,0.6850328,1.1292870052174837,220997.13974946376,0.02389228714140234,0.2394999999999999,1.0
Austria,poor,0.2,17074.271789772956,0.48613950000000006,0.4828519791300656,60841.16256771449,0.025709568025332096,0.5700000000000001,1.0
Azerbaijan,nonpoor,0.8,18079.0198208403,0.06077156,0.9309885131276122,33676.00449293691,0.025230222610601465,0.2375,0.0
Azerbaijan,poor,0.2,11160.867828910765,0.04266026,1.276045947489551,4837.903151149598,0.02559807632353588,0.2999999999999999,0.0
Bangladesh,nonpoor,0.8,3572.1509871143226,0.09956344,1.1992378377990778,12225.091004685682,0.06404945642789082,0.41553519761222835,0.8000000000000004
Bangladesh,poor,0.2,1394.2013950366077,0.03864263,0.20304864880368934,5232.611981471309,0.0639165757499715,0.6999999999999998,0.8000000000000004
Belarus,nonpoor,0.8,18771.37963656125,0.1958292,1.0438873482993427,51208.128722381385,0.01601289261495226,0.29499999999999993,0.8000000000000004
Belarus,poor,0.2,8019.648632775478,0.07855246,0.8244506068026293,10218.182623532703,0.016842235107340266,0.6999999999999998,0.8000000000000004
Belgium,nonpoor,0.8,46990.318390474225,0.6023575,1.0845020116713397,224922.2984430591,0.007002980548414408,0.26999999999999996,0.0
Belgium,poor,0.2,17730.643227222055,0.4867135,0.6619919533146407,49549.240761675836,0.00730753281119943,0.46000000000000013,0.0
Benin,nonpoor,0.8,2331.607067163935,0.09291302,1.2008783009726112,7047.471580634899,0.00862604229242318,0.6734349004145419,0.4000000000000002
Benin,poor,0.2,601.640997530911,0.0402082,0.19648679610955488,1872.0952123946763,0.019286521276210243,0.6999999999999997,0.4000000000000002
Bhutan,nonpoor,0.8,8858.445293211525,0.2584666,1.1386787160527305,47755.90875257635,0.03404052642664834,0.673890576643806,0.6000000000000001
Bhutan,poor,0.2,2573.06337595375,0.1739075,0.44528513578907825,13781.774115029571,0.03181318399455215,0.6999999999999997,0.6000000000000001
Bolivia,nonpoor,0.8,7817.838929820955,0.3135603,1.1235231628493796,18739.896968080015,0.02027072532404805,0.38885421167860285,0.6000000000000001
Bolivia,poor,0.2,1107.3517970589216,0.1129292,0.5059073486024818,1797.364228827264,0.02092124273509289,0.6999999999999998,0.6000000000000001
Bosnia and Herzegovina,nonpoor,0.8,11592.24734112992,0.1112821,1.0933950733276585,36084.70655057602,0.0177279386511211,0.4420310714249999,0.0
Bosnia and Herzegovina,poor,0.2,3748.811505043312,0.05371241,0.6264197066893652,10378.104881999248,0.017992683639605933,0.6999999999999998,0.0
Botswana,nonpoor,0.8,18067.304899626793,0.34586680000000003,1.0818427272788094,64618.48684883635,0.005300133846321197,0.6416008539893611,0.8000000000000004
Botswana,poor,0.2,2112.439107243314,0.14749939999999995,0.6726290908847631,6061.821449046114,0.0055929628899327325,0.6999999999999997,0.8000000000000004
Brazil,nonpoor,0.8,17476.01922125173,0.16760809999999998,1.2148774389925316,65725.7307793463,0.002473760007038709,0.6506628849962744,0.2000000000000001
Brazil,poor,0.2,2370.6097206660743,0.057491410000000014,0.14049024402987315,9241.231389558468,0.002746503498381999,0.6999999999999997,0.2000000000000001
Bulgaria,nonpoor,0.8,19889.867833355496,0.199541,1.1285467063562038,63255.79134479322,0.008910568007162879,0.3857760364,0.8000000000000004
Bulgaria,poor,0.2,5222.573992049013,0.05927353,0.48581317457518425,9396.19339126004,0.00846215889804202,0.6999999999999998,0.8000000000000004
Burkina Faso,nonpoor,0.8,1821.1249330225487,0.10908389999999997,1.119039899811517,4573.323034750431,0.0035710298028397264,0.6734349004145419,0.6000000000000001
Burkina Faso,poor,0.2,523.1098414255553,0.05447056,0.5238404007539315,953.1496421058182,0.0023253217320816826,0.6999999999999997,0.6000000000000001
Burundi,nonpoor,0.8,788.6092706622914,0.053788730000000014,1.1270116711064198,1705.190220774889,0.026646847330180252,0.4424472127146907,0.6000000000000001
Burundi,poor,0.2,308.9325733117101,0.01814623,0.4919533155743212,659.8533923630198,0.027220985488363224,0.6999999999999998,0.6000000000000001
Cambodia,nonpoor,0.8,3726.927743392441,0.04235721,1.1217307141112884,8118.532278840591,0.0902085136274304,0.20385327749999993,0.0
Cambodia,poor,0.2,1483.3950996240392,0.02697189,0.5130771435548458,3213.4479619194785,0.06369100118435747,0.6999999999999998,0.0
Cameroon,nonpoor,0.8,3459.30695107295,0.1220212,0.9536024940924107,8301.490584152769,0.019584404292563015,0.3,0.8000000000000004
Cameroon,poor,0.2,856.6532664226526,0.01092981,1.1855900236303567,1801.34213122025,0.027638791619492308,0.6343680960785822,0.8000000000000004
Canada,nonpoor,0.8,49807.03568239613,0.6994052,0.9297384779910901,154735.64042646368,0.010422139594524725,0.27848915166168753,0.8000000000000004
Canada,poor,0.2,15226.262792034982,0.5176056,1.2810460880356396,20296.48806434987,0.011374945308297713,0.3927198494711082,0.8000000000000004
Central African Republic,nonpoor,0.8,679.3399320912491,0.03726327,1.1964398916301837,2158.514912859459,0.009920381922628493,0.6348205552960912,0.0
Central African Republic,poor,0.2,93.60512977609847,0.0062126659999999995,0.21424043347926555,296.90122201956325,0.011780223847718771,0.7000000000000002,0.0
Chad,nonpoor,0.8,2430.2849764036205,0.05942366000000001,1.25,3215.349794816932,0.008042404896843257,0.6734349004145419,0.0
Chad,poor,0.2,496.5812480690181,0.026735900000000003,0.0,704.3305911082746,0.008929117263491637,0.6999999999999997,0.0
Chile,nonpoor,0.8,26399.721150117806,0.1811644,1.1425402296171172,76547.05419029287,0.09257214206374757,0.11529374999999999,0.8000000000000004
Chile,poor,0.2,5126.589448465783,0.1033565,0.42983908153153044,12543.362969143398,0.09402968141426582,0.313141,0.8000000000000004
China,nonpoor,0.8,15968.093126647918,0.4840392,1.1166298251390272,70421.42828882164,0.016054112512086834,0.5370080662500001,0.8000000000000004
China,poor,0.2,3128.9623372053193,0.305054,0.5334806994438908,10620.338861599696,0.016395902716225173,0.6999999999999997,0.8000000000000004
Colombia,nonpoor,0.8,15691.330098830724,0.1673623,1.1919535948235338,56157.581057214,0.06741171063044626,0.2226012,0.8000000000000004
Colombia,poor,0.2,2175.51808923261,0.05714529,0.232185620705864,7484.23387529142,0.07311368237959108,0.5302351999999999,0.8000000000000004
Comoros,nonpoor,0.8,1636.105244893252,0.1475529,1.1828526502460572,8268.174700666244,0.012517117152445958,0.4424472127146907,0.5999999999999998
Comoros,poor,0.2,273.39439658389165,0.03531137,0.2685893990157707,1367.891753392608,0.012773140812703586,0.6999999999999998,0.5999999999999998
"Congo, Dem. Rep.",nonpoor,0.8,869.9272841997805,0.06591558,1.2192951397127902,3666.117827533605,0.01723727696983638,0.6,0.4000000000000002
"Congo, Dem. Rep.",poor,0.2,203.6920877156679,0.02017935,0.12281944114883853,873.6344355272961,0.03300685264310964,0.6999999999999997,0.4000000000000002
"Congo, Rep.",nonpoor,0.8,7067.4257942168915,0.13450479999999998,1.1638607885896377,19000.75251294327,0.043007217586005175,0.3,0.0
"Congo, Rep.",poor,0.2,1696.0623275500363,0.04429218,0.3445568456414491,4387.305859234667,0.04770039785791024,0.6343680960785822,0.0
Costa Rica,nonpoor,0.8,17344.436014266405,0.29628730000000003,1.1710285218317222,36157.384530935175,0.023926759142576807,0.32104216733095076,1.0
Costa Rica,poor,0.2,2981.1880007833784,0.16048690000000002,0.31588591267311067,5524.890847786997,0.023926759142576807,0.6999999999999998,1.0
Cote d'Ivoire,nonpoor,0.8,3902.337067962311,0.1283048,1.1742504036022057,6782.459464256264,0.007246347035372148,0.6734349004145419,0.4000000000000002
Cote d'Ivoire,poor,0.2,840.5919450853582,0.028859220000000005,0.3029983855911768,1430.2543494449403,0.007079467477044419,0.6999999999999997,0.4000000000000002
Croatia,nonpoor,0.8,23752.420272528096,0.292387,1.0844567876096263,105866.79590859992,0.013885395167124809,0.44120128109999995,0.8000000000000004
Croatia,poor,0.2,7140.282451563116,0.2455249,0.662172849561495,19656.486101408744,0.01443237947075636,0.6999999999999998,0.8000000000000004
Cyprus,nonpoor,0.8,34859.868759012585,0.2639375,1.1112356189521473,175869.81588892965,0.026054211278224448,0.10000000000000002,0.0
Cyprus,poor,0.2,12108.69911464017,0.15590479999999998,0.5550575241914102,47697.14077262427,0.026058895138967097,0.4646689476190476,0.0
Czech Republic,nonpoor,0.8,33698.654378077634,0.42273649999999996,1.141357091622618,139454.88828146274,0.008947674882282375,0.4135,1.0
Czech Republic,poor,0.2,14232.046404008463,0.3099159,0.4345716335095277,63643.2016231275,0.009766602865611899,0.6999999999999998,1.0
Denmark,nonpoor,0.8,49667.02245308415,0.6937743000000001,1.0616657533330605,225402.64278993724,0.0004069682019124234,0.25,0.8000000000000004
Denmark,poor,0.2,18408.0572728214,0.5787514,0.7533369866677581,41763.728872321684,0.000451838329952115,0.2999999999999999,0.8000000000000004
Djibouti,nonpoor,0.8,3733.5230439904512,0.04367659,1.0880240335652143,14461.94014619936,0.02448982395752753,0.2919383715793353,0.6000000000000001
Djibouti,poor,0.2,666.1294640275452,0.01797438,0.6479038657391424,2015.2640149441415,0.024542181213552536,0.6224866506129807,0.6000000000000001
Dominican Republic,nonpoor,0.8,15894.407181335184,0.3398572,1.1415447283105238,42376.63018316784,0.1023517081615857,0.2999999999999999,0.8000000000000004
Dominican Republic,poor,0.2,3296.9150059527697,0.16015629999999995,0.4338210867579037,7808.799343485033,0.10149378012917165,0.3489973692170465,0.8000000000000004
Ecuador,nonpoor,0.8,12786.095147651336,0.17610920000000002,1.1658771355425919,49920.71779301604,0.023767698440571795,0.6764212741773349,0.6000000000000001
Ecuador,poor,0.2,2443.612484211655,0.09100455,0.3364914578296327,8447.281811274659,0.02530575712311906,0.6999999999999997,0.6000000000000001
"Egypt, Arab Rep.",nonpoor,0.8,11627.296008267676,0.054469970000000006,1.1514730056066735,23548.03187680825,0.008544118870165152,0.5499999999999999,0.6000000000000001
"Egypt, Arab Rep.",poor,0.2,4740.605535051284,0.02068763,0.39410797757330535,9809.581196752553,0.014437462861159756,0.6999999999999998,0.6000000000000001
El Salvador,nonpoor,0.8,9560.855160156234,0.2072156,1.1905285385270732,71079.68470423984,0.02155835888102637,0.43999999999999995,0.6000000000000001
El Salvador,poor,0.2,2234.374279596207,0.0411891,0.23788584589170722,17206.267704762864,0.022226720884976604,0.6999999999999998,0.6000000000000001
Estonia,nonpoor,0.8,31248.508905016934,0.3648965,1.1213119782318737,113700.91740840286,0.0181381455547495,0.12597759214313936,0.0
Estonia,poor,0.2,9654.284556672257,0.2434072,0.5147520870725052,25979.490773008118,0.018818887067077926,0.4342145961505898,0.0
Ethiopia,nonpoor,0.8,1758.8041397692857,0.1639884,1.1216336435640504,4663.940743360141,0.011623976017532567,0.2919383715793353,0.8000000000000004
Ethiopia,poor,0.2,614.2523536956558,0.09488185000000003,0.5134654257437985,1574.7101273523533,0.007644569457912189,0.6224866506129807,0.8000000000000004
France,nonpoor,0.8,42994.80843600399,0.5990517,1.124433146253313,195353.11200011123,0.018163205805471053,0.2394999999999999,1.0
France,poor,0.2,14549.219340600044,0.4053758,0.5022674149867479,53356.57328247081,0.01975312148921471,0.5700000000000001,1.0
Gabon,nonpoor,0.8,22169.855735809735,0.24289940000000002,1.1236999143178141,67640.93666182974,0.026525209810451512,0.3269905140632944,0.2000000000000001
Gabon,poor,0.2,5480.083261092064,0.08577912,0.5052003427287436,14843.875922977171,0.05491358013113695,0.6999999999999998,0.2000000000000001
Georgia,nonpoor,0.8,10746.645918586457,0.008063393,1.1283039992808772,31276.637209441596,0.06767470575542164,0.201292325,0.6000000000000001
Georgia,poor,0.2,2559.701210530023,0.01164885,0.4867840028764913,273.72806590895516,0.06844805616910485,0.5390769999999999,0.6000000000000001
Germany,nonpoor,0.8,50457.282900173435,0.6140809,1.0837380911993768,191586.44430319904,0.011014545833676982,0.24072669375,0.8000000000000004
Germany,poor,0.2,18436.20900903423,0.5265064,0.6650476352024923,40435.413940964085,0.0117934603197859,0.2999999999999999,0.8000000000000004
Ghana,nonpoor,0.8,4682.577458555625,0.2321198,1.0123396885620999,11826.389061871845,0.00423121815361036,0.6973988599523725,0.8000000000000004
Ghana,poor,0.2,1035.741067236449,0.1174127,0.9506412457516,1148.3643483644419,0.0050670750911391465,0.6999999999999997,0.8000000000000004
Greece,nonpoor,0.8,29063.489694165055,0.16323,1.1955833087292675,121242.65687013531,0.06960621024092684,0.14181598750000002,1.0
Greece,poor,0.2,6831.227858236783,0.0654293,0.2176667650829293,34832.898066546186,0.06975861919475454,0.44601325999999997,1.0
Guatemala,nonpoor,0.8,8715.326002838814,0.2047981,1.1131708892063183,13499.140577840733,0.06485667304236178,0.09999999999999998,0.4000000000000002
Guatemala,poor,0.2,1403.4458184119924,0.06985804,0.5473164431747259,2005.3441492783859,0.07092987940001448,0.5837106449697208,0.4000000000000002
Guinea,nonpoor,0.8,1312.0547083917015,0.044386400000000006,1.2251316483513304,3719.530593705743,0.009061193421441651,0.6849999999999998,0.6000000000000001
Guinea,poor,0.2,429.2139158563939,0.0054247290000000005,0.09947340659467711,1293.6980844480938,0.01102778394833338,0.6999999999999997,0.6000000000000001
Honduras,nonpoor,0.8,5795.935782293967,0.1964441,1.1779821244287851,16011.297353864113,0.056620040452726596,0.391375828971834,0.4000000000000002
Honduras,poor,0.2,741.688376681581,0.06635397999999999,0.28807150228485867,1757.6495683326207,0.058350499093868094,0.6999999999999998,0.4000000000000002
Hungary,nonpoor,0.8,28206.848394712128,0.2304348,1.0899740897623416,136133.11030558957,0.03538752733196526,0.43510499999999996,1.0
Hungary,poor,0.2,9545.050649837509,0.1423596,0.640103640950634,8514.829468884118,0.04366892061463108,0.6999999999999998,1.0
India,nonpoor,0.8,6575.332786893898,0.1883363,1.0763536443122592,14651.72406677894,0.005323849024313962,0.52231544875,0.8000000000000004
India,poor,0.2,2349.3563770165556,0.07480032,0.694585422750963,4705.319777072395,0.00568880252805889,0.6999999999999998,0.8000000000000004
Indonesia,nonpoor,0.8,11991.153941651106,0.3511817,1.074307632268649,39071.01946255039,0.022885563085345152,0.19760155000000001,0.8000000000000004
Indonesia,poor,0.2,3962.0008476690673,0.1379658,0.7027694709254048,11233.66375876134,0.02251369818799375,0.3,0.8000000000000004
"Iran, Islamic Rep.",nonpoor,0.8,19228.619871024126,0.2603003,1.0819960046775345,61162.483519390924,0.015577592796924888,0.27298385870631203,0.4000000000000002
"Iran, Islamic Rep.",poor,0.2,5620.641756483498,0.1516682,0.6720159812898618,14898.408431445785,0.01603422281168369,0.6999999999999998,0.4000000000000002
Iraq,nonpoor,0.8,15980.262117371063,0.03651581,1.1249677718440037,27405.538359246544,0.018059279857980958,0.6,0.6000000000000001
Iraq,poor,0.2,6167.820466353744,0.0331376,0.5001289126239853,10374.032717812172,0.021624989229098328,0.6999999999999997,0.6000000000000001
Ireland,nonpoor,0.8,59859.23967620629,0.5566726999999999,1.0999612632122073,201470.63239563128,0.009790828081736707,0.2663043624999999,0.0
Ireland,poor,0.2,20059.040758516298,0.4005193,0.6001549471511698,27838.085748740283,0.010808809176373668,0.3000000000000001,0.0
Israel,nonpoor,0.8,37763.34414294308,0.6097891,1.0960112549559382,107188.98652582121,0.006769272982152498,0.5499999999999999,0.0
Israel,poor,0.2,7300.095041365662,0.4204639,0.6159549801762471,12982.03314519372,0.006776535765747008,0.6999999999999998,0.0
Italy,nonpoor,0.8,39368.30611934607,0.4406689,1.168860482880991,192784.80668567042,0.01529560736757064,0.2394999999999999,1.0
Italy,poor,0.2,10462.388701014228,0.2017134,0.3245580684760357,49612.43422153326,0.015567610656607198,0.5700000000000001,1.0
Jamaica,nonpoor,0.8,10098.21325838262,0.3520919,1.1355691521456226,26700.784401149194,0.12206492608934034,0.391375828971834,0.8000000000000004
Jamaica,poor,0.2,2251.628631936665,0.21472039999999998,0.45772339141751023,5121.958561180093,0.1236253125005345,0.6999999999999998,0.8000000000000004
Japan,nonpoor,0.8,41456.82419707608,0.6250876999999999,0.998137097978925,204264.9264828309,0.03167388265305335,0.20493824999999996,0.8000000000000004
Japan,poor,0.2,13193.859196046667,0.5732915,1.0074516080843,33629.32997679465,0.032809892770540715,0.3,0.8000000000000004
Jordan,nonpoor,0.8,11751.294714176998,0.05062747,1.1271200359591806,67184.52126573827,0.007327528834517647,0.5499999999999999,0.6000000000000001
Jordan,poor,0.2,4193.142520819502,0.01797048,0.49151985616327726,22620.48672747754,0.007359129713426127,0.6999999999999998,0.6000000000000001
Kazakhstan,nonpoor,0.8,27412.172503711783,0.1153157,1.0832643304578011,83084.44563662511,0.028145730870563452,0.12597759214313936,0.8000000000000004
Kazakhstan,poor,0.2,12115.540984427864,0.026057160000000003,0.6669426781687943,36007.65947007866,0.03061696173955507,0.43421459615058977,0.8000000000000004
Kenya,nonpoor,0.8,3456.556919567481,0.4164474000000001,1.204817190439214,7459.824753539066,0.005854354251522817,0.6,0.4000000000000002
Kenya,poor,0.2,678.8370282658753,0.13334829999999998,0.1807312382431439,1491.8227855369903,0.009579586984956036,0.6999999999999997,0.4000000000000002
Kyrgyz Republic,nonpoor,0.8,3643.3054837655154,0.0561118,1.097345866970866,7079.533804912742,0.0743970307383913,0.1573663400378202,0.8000000000000004
Kyrgyz Republic,poor,0.2,1551.166132056838,0.03731649,0.6106165321165352,2676.852342632242,0.07457935943881608,0.6695666402757435,0.8000000000000004
Lao PDR,nonpoor,0.8,6192.578869332033,0.2385275,1.2232898058414026,24840.945706918214,0.06603617822728916,0.3,0.6000000000000001
Lao PDR,poor,0.2,1936.224120869315,0.13250879999999998,0.10684077663438843,8629.180757011249,0.056402907907217456,0.3999999999999998,0.6000000000000001
Latvia,nonpoor,0.8,26492.24292826193,0.2983719,1.0582816989349626,114309.55268509642,0.0567730558557236,0.12597759214313936,0.0
Latvia,poor,0.2,7173.21461307626,0.185183,0.7668732042601492,15428.496755794244,0.045883159073707255,0.43421459615058977,0.0
Lesotho,nonpoor,0.8,3056.9089001503344,0.11368269999999997,1.2232867229656628,15335.101209610364,0.013629799986687832,0.6416008539893611,0.4000000000000002
Lesotho,poor,0.2,357.41544983231574,0.02873374,0.106853108137349,1833.7262746917518,0.012928880747367949,0.6999999999999997,0.4000000000000002
Liberia,nonpoor,0.8,919.7088895733511,0.2007491,1.2208885124035396,1933.9401715474698,0.01207351762732974,0.6734349004145419,0.0
Liberia,poor,0.2,255.74792651237573,0.0449625,0.1164459503858415,591.1873941067329,0.012108283311548446,0.6999999999999997,0.0
Lithuania,nonpoor,0.8,30848.039959349593,0.3604111,1.0598403648596018,103443.14244444855,0.02054602079167645,0.2625238,0.0
Lithuania,poor,0.2,8592.180559861625,0.16736099999999998,0.760638540561593,7950.572110824206,0.022811314687603675,0.4734920000000001,0.0
Luxembourg,nonpoor,0.8,108684.738107772,0.6614446999999999,1.1457612090995055,443427.2957987617,0.005326734788178511,0.259837,0.0
Luxembourg,poor,0.2,33024.069336813875,0.5098123999999999,0.41695516360197693,118301.38312099181,0.005720063294725582,0.2999999999999999,0.0
"Macedonia, FYR",nonpoor,0.8,15048.519104874997,0.17958029999999994,1.101279339376685,58439.23822440921,0.02447724785494287,0.16786880000000004,0.6000000000000001
"Macedonia, FYR",poor,0.2,3429.2999883850016,0.07452800999999999,0.5948826424932592,7302.624006320468,0.02512428058513852,0.4472128,0.6000000000000001
Madagascar,nonpoor,0.8,1605.0958265939946,0.04567038,1.186002065708363,5449.9150234460485,0.0408617324146516,0.4424472127146907,0.4000000000000002
Madagascar,poor,0.2,446.3368073951215,0.01404179,0.2559917371665476,1550.7341656420713,0.036780576920821824,0.6999999999999998,0.4000000000000002
Malawi,nonpoor,0.8,1315.4118674053948,0.08640283,1.2003522506987678,5195.743355221917,0.027322169354155944,0.4424472127146907,0.8000000000000004
Malawi,poor,0.2,303.2890397613707,0.047268919999999985,0.19859099720492895,1206.1681521442183,0.027510858050023755,0.6999999999999998,0.8000000000000004
Malaysia,nonpoor,0.8,30192.46703065074,0.3924174,1.1143037927274357,121007.15640395635,0.02207142689611254,0.22297463449207036,1.0
Malaysia,poor,0.2,5770.228401499052,0.255594,0.5427848290902567,20931.82385079483,0.024290943923803005,0.39486964955708176,1.0
Mali,nonpoor,0.8,2628.9602891794043,0.04243126,1.2016336739452882,4073.495668330846,0.048596802507093605,0.10000000000000003,0.6000000000000001
Mali,poor,0.2,910.6949257746322,0.008713539000000001,0.19346530421884686,1453.3609596402882,0.027010523489136313,0.6492645999999999,0.6000000000000001
Mauritania,nonpoor,0.8,4322.367573747032,0.15244010000000002,1.1861049818949823,18129.848648509582,0.04325975733275321,0.10000000000000002,0.6000000000000001
Mauritania,poor,0.2,1178.2399111517225,0.03751141,0.2555800724200705,5041.492012845619,0.04784151888814751,0.5864441499999998,0.6000000000000001
Mauritius,nonpoor,0.8,21216.350530328633,0.4367753,1.1388627827718116,72537.16490751319,0.0314054034108835,0.3,0.8000000000000003
Mauritius,poor,0.2,6801.698895443443,0.2319739,0.4445488689127529,20784.5956418118,0.03220815759541373,0.2999999999999999,0.8000000000000003
Mexico,nonpoor,0.8,19624.93345544123,0.19560479999999997,1.1364852310268412,54193.834280193725,0.006514678447968034,0.3221211,0.8000000000000004
Mexico,poor,0.2,4009.97168776306,0.07032508,0.4540590758926353,7275.668362906073,0.0062428080938688275,0.6999999999999998,0.8000000000000004
Moldova,nonpoor,0.8,5385.527292346333,0.09047662,1.1012349153659688,21352.262151640316,0.029402565755023542,0.4153083161363591,0.6000000000000001
Moldova,poor,0.2,2167.0138433654183,0.03550953,0.5950603385361246,6950.445397892385,0.02297940625105382,0.6999999999999998,0.6000000000000001
Mongolia,nonpoor,0.8,13241.72579474762,0.4111103,1.070612279963853,65149.715360377624,0.031030260243849795,0.12597759214313933,0.6000000000000001
Mongolia,poor,0.2,4387.621107951025,0.21726670000000006,0.7175508801445867,15575.726904825304,0.03405610572495586,0.4342145961505898,0.6000000000000001
Montenegro,nonpoor,0.8,17427.173048149507,0.07029511999999999,1.162960294993177,47718.821960393114,0.009647059290977516,0.4409824761499999,0.0
Montenegro,poor,0.2,5343.732648700453,0.02831399,0.34815882002729187,14806.025737439415,0.011175001517211538,0.6999999999999998,0.0
Morocco,nonpoor,0.8,8599.32055573374,0.1725484,1.0884125554991735,32277.08857220627,0.014306161807825781,0.21065281249999998,0.8000000000000004
Morocco,poor,0.2,2407.0000613951916,0.051415930000000006,0.6463497780033055,7579.9649197159515,0.01631562760007218,0.6999999999999998,0.8000000000000004
Namibia,nonpoor,0.8,11850.368052947513,0.3485483,1.1608065327214192,43336.93203706263,0.012309729472475975,0.6416008539893611,0.8000000000000004
Namibia,poor,0.2,1602.4275212710995,0.14453729999999998,0.3567738691143229,4736.445689453235,0.017584888518989254,0.6999999999999997,0.8000000000000004
Nepal,nonpoor,0.8,2650.5697753942895,0.2236811,1.1908797765317833,9605.975163722882,0.027619830855306827,0.39876587499999994,0.4000000000000002
Nepal,poor,0.2,964.6847884262874,0.08169342,0.23648089387286628,4385.106912444239,0.032251612971870805,0.6999999999999998,0.4000000000000002
Netherlands,nonpoor,0.8,52826.202251530565,0.6671163,1.1076029722207699,212190.62161311274,0.02382489099653893,0.25975719999999997,1.0
Netherlands,poor,0.2,20567.03232617474,0.485505,0.56958811111692,69469.48676913025,0.026114978521566218,0.2999999999999999,1.0
Niger,nonpoor,0.8,1021.5723980019148,0.02122553,1.142889581538699,4372.172618252851,0.031873035113409505,0.10399854999999997,0.6000000000000001
Niger,poor,0.2,400.68701061412537,0.017845970000000003,0.42844167384520415,1719.889085708435,0.017715308810186604,0.6999999999999998,0.6000000000000001
Nigeria,nonpoor,0.8,6670.098908253491,0.3224891,1.237513961041154,7630.853299683553,0.006259455435423096,0.6734349004145419,0.8000000000000004
Nigeria,poor,0.2,1514.0412612203843,0.1970295,0.04994415583538376,1748.7956542262052,0.006036863700223368,0.6999999999999997,0.8000000000000004
Norway,nonpoor,0.8,73070.79815091885,0.8089856999999999,1.0877386609728694,221566.79712900173,0.0021653251592004402,0.12597759214313936,0.8000000000000003
Norway,poor,0.2,29969.500454401114,0.7495815,0.6490453561085219,72956.13196180934,0.0021653251592004402,0.43421459615058977,0.8000000000000003
Pakistan,nonpoor,0.8,5362.272042894091,0.04381021,1.1846056100441866,14131.228859126786,0.014590515873439621,0.5208940499999999,0.6000000000000001
Pakistan,poor,0.2,2275.1549116847395,0.01694613,0.26157755982325287,6451.32542754176,0.015505330909746476,0.6999999999999998,0.6000000000000001
Panama,nonpoor,0.8,25224.268717413528,0.2403679,1.179796922644527,46833.82427037374,0.006748049552354529,0.6764212741773349,0.6000000000000001
Panama,poor,0.2,3529.622366584878,0.1483164,0.280812309421891,5960.594063437374,0.008729895019911438,0.6999999999999997,0.6000000000000001
Paraguay,nonpoor,0.8,10344.333174500887,0.14778729999999998,1.160712358289676,28239.301024121673,0.01251633918125072,0.37198697499999994,0.8000000000000004
Paraguay,poor,0.2,1841.1054657770535,0.02127697,0.35715056684129576,4397.076991572908,0.01389632351175078,0.6999999999999998,0.8000000000000004
Peru,nonpoor,0.8,13943.833049017116,0.1674962,1.2027698982485908,51517.82982140427,0.08112915474870376,0.143717125,0.6000000000000001
Peru,poor,0.2,2585.379529440026,0.05837516,0.18892040700563642,9920.5305887244,0.07841132221230435,0.5818234999999999,0.6000000000000001
Philippines,nonpoor,0.8,8144.4130764959045,0.21633840000000001,1.188364219401599,29670.045929628748,0.033183292117912676,0.99,0.6000000000000001
Philippines,poor,0.2,2049.954311771078,0.04855937,0.24654312239360363,7856.25713057237,0.03281614011451168,0.99,0.6000000000000001
Poland,nonpoor,0.8,28551.969289314497,0.28244400000000003,1.1299861632687962,70264.43808981375,0.020701640733473792,0.12597759214313936,1.0
Poland,poor,0.2,9971.613064833986,0.09776094,0.48005534692481494,19471.52941521777,0.019662835362589934,0.4342145961505898,1.0
Portugal,nonpoor,0.8,31210.694550240933,0.3085544,1.1512159391683818,166245.41551224672,0.01184501630427806,0.10000000000000002,0.8000000000000004
Portugal,poor,0.2,8607.545904823262,0.160451,0.3951362433264725,36494.01907265331,0.012767916822918715,0.10499999999999998,0.8000000000000004
Romania,nonpoor,0.8,22687.7163369349,0.18426589999999998,1.1018483991293542,86744.85781689218,0.01548478212489093,0.3258363,0.8000000000000004
Romania,poor,0.2,8876.82742615391,0.055712230000000015,0.5926064034825833,25115.518837544598,0.016466128672755178,0.6999999999999998,0.8000000000000004
Russian Federation,nonpoor,0.8,28106.894852326976,0.18236010000000002,1.0931554982500353,82496.65491309551,0.01640063614696951,0.14391789639329458,0.0
Russian Federation,poor,0.2,7049.125595270101,0.11406239999999998,0.627378006999858,12193.690577402715,0.01682973821342293,0.6020671383191284,0.0
Rwanda,nonpoor,0.8,1962.831074652297,0.3914391,1.1876742357413905,2754.2027797007704,0.02238006970591178,0.6824999999999998,0.8000000000000004
Rwanda,poor,0.2,424.5524786746614,0.06397243000000001,0.2493030570344371,597.1860853531545,0.014929914808157122,0.7000000000000002,0.8000000000000004
Senegal,nonpoor,0.8,2686.2946753851456,0.1060924,1.2092686546112592,11780.276753713784,0.003705733268102507,0.6849999999999998,0.6000000000000001
Senegal,poor,0.2,693.1635398268675,0.008773695,0.1629253815549628,3444.016442313939,0.0029440204054532607,0.6999999999999997,0.6000000000000001
Serbia,nonpoor,0.8,14733.049459454138,0.11498039999999998,1.120313151049061,67794.07651390677,0.033259392658660195,0.44134872157499994,0.4000000000000002
Serbia,poor,0.2,5383.198689321451,0.0419454,0.518747395803756,21006.43090702423,0.03620518943294088,0.6999999999999998,0.4000000000000002
Sierra Leone,nonpoor,0.8,1723.169855634915,0.1585936,1.1703817065457562,4233.041053181483,0.0075720094998836555,0.6734349004145419,0.8000000000000004
Sierra Leone,poor,0.2,592.0414185284907,0.03622707,0.31847317381697415,1463.8703575719228,0.007515500036902882,0.6999999999999997,0.8000000000000004
Slovak Republic,nonpoor,0.8,31291.021959226717,0.5120568,1.1319931203751645,102885.71914953414,0.015379121359554031,0.44143322644999994,0.8000000000000004
Slovak Republic,poor,0.2,11806.899071505115,0.33115959999999994,0.4720275184993424,36218.295066223014,0.012258455399106652,0.6999999999999998,0.8000000000000004
Slovenia,nonpoor,0.8,32765.809888932745,0.3861343,1.046982349089151,154382.88968539168,0.030893527899098643,0.34302908809524857,1.0
Slovenia,poor,0.2,13646.089753898015,0.24092039999999998,0.8120706036433959,36262.21267329915,0.031938527992546054,0.6999999999999998,1.0
South Africa,nonpoor,0.8,15104.906101395994,0.4081099,1.1157725736720756,37272.69283392026,0.005116472906499528,0.6416008539893611,0.6000000000000001
South Africa,poor,0.2,1530.1596665825127,0.21105010000000002,0.5369097053116976,1193.1934025281457,0.005295196778765656,0.6999999999999997,0.6000000000000001
Spain,nonpoor,0.8,38655.424543290974,0.5667167,1.1628692933202383,213313.04788419622,0.00965439062326021,0.10000000000000002,0.8000000000000004
Spain,poor,0.2,9450.562197341087,0.3559562000000001,0.34852282671904633,43320.98287904922,0.010638304680555183,0.10499999999999998,0.8000000000000004
Sri Lanka,nonpoor,0.8,12805.626979323224,0.3952670999999999,1.1766248461890123,37835.559370251874,0.004951565115986165,0.673890576643806,0.8000000000000004
Sri Lanka,poor,0.2,4015.8269444486073,0.21430860000000002,0.2935006152439506,12103.743350436482,0.004300450752276655,0.7000000000000002,0.8000000000000004
Sudan,nonpoor,0.8,4574.541990169901,0.1002178,1.25,4799.215809504131,0.009980531963108026,0.6,0.6000000000000001
Sudan,poor,0.2,1339.2735081759486,0.03672906,0.0,1501.288889389984,0.0071733227295688595,0.6999999999999997,0.6000000000000001
Swaziland,nonpoor,0.8,9516.429751587348,0.2348936,1.1718010728487587,50130.81666338522,0.018514778287648637,0.2999999999999999,0.6000000000000001
Swaziland,poor,0.2,1586.071625264558,0.09158991,0.31279570860496425,7753.150114427244,0.019836764485119354,0.5379999999999999,0.6000000000000001
Sweden,nonpoor,0.8,51694.58061366131,0.8096492,1.1109441165302707,146789.60136934515,0.001644685798419326,0.26086893749999995,0.8000000000000004
Sweden,poor,0.2,19703.95843762775,0.6662127999999999,0.5562235338789173,46593.09614815725,0.0018260200206345993,0.3000000000000001,0.8000000000000004
Switzerland,nonpoor,0.8,63316.77249538631,0.6177222,1.0980129365118156,228308.72706466785,0.020780262283328806,0.2394999999999999,1.0
Switzerland,poor,0.2,22292.794668161256,0.4604134,0.6079482539527377,60181.1867234624,0.02222616315851363,0.5700000000000001,1.0
Syrian Arab Republic,nonpoor,0.8,5724.998744158878,0.05367074,1.2131747686446506,21002.726526188082,0.01291352907273689,0.49999999999999994,0.6000000000000001
Syrian Arab Republic,poor,0.2,1896.9676401869156,0.04674114,0.1473009254213963,7575.034173989722,0.01296872406211996,0.6999999999999998,0.6000000000000001
Tajikistan,nonpoor,0.8,2997.1741260422696,0.02125592,1.0609609193706946,7952.8898774468535,0.10249967396227515,0.12597759214313936,0.6000000000000001
Tajikistan,poor,0.2,1092.2598560808706,0.006333106999999999,0.7561563225172215,2127.3687107291626,0.10478916563270062,0.43421459615058977,0.6000000000000001
Tanzania,nonpoor,0.8,2906.538417133317,0.1217031,1.0751290612156292,7075.771169981889,0.009463602964313549,0.4424472127146907,0.8000000000000004
Tanzania,poor,0.2,925.0216186666327,0.04258187,0.6994837551374831,2072.1395090059377,0.009067322317713376,0.6999999999999998,0.8000000000000004
Thailand,nonpoor,0.8,17906.111809379912,0.4691411,1.1571676687560253,74735.7073137113,0.025909967787899724,0.123626645,0.8000000000000004
Thailand,poor,0.2,5102.33073518485,0.3132831,0.37132932497589893,20304.649632865636,0.028572149358344096,0.6523446,0.8000000000000004
Togo,nonpoor,0.8,1634.3554445056682,0.08989002000000001,1.1906036801923074,4406.1766416675555,0.006576217018982765,0.6973988599523725,0.2000000000000001
Togo,poor,0.2,331.782570009977,0.03249362,0.23758527923077014,896.0589662204919,0.00733926237034045,0.6999999999999997,0.2000000000000001
Tunisia,nonpoor,0.8,12505.341171541431,0.1407694,1.0747684853629915,50830.543798034836,0.0365371574938315,0.10000000000000002,0.6000000000000001
Tunisia,poor,0.2,3609.346889009277,0.046129760000000006,0.700926058548034,11832.672751635993,0.040041281961755645,0.5644477,0.6000000000000001
Turkey,nonpoor,0.8,22323.780913982377,0.1221136,1.1489184618632735,54509.41977517502,0.012391519642462706,0.22103853749999994,0.8000000000000004
Turkey,poor,0.2,5498.001244207974,0.04858122,0.40432615254690557,11949.548727795387,0.012644743631524213,0.6999999999999998,0.8000000000000004
Uganda,nonpoor,0.8,2016.7314880581846,0.2338443,1.1999833138973952,3507.0977219831716,0.013230877368641153,0.3820205969835944,0.6000000000000001
Uganda,poor,0.2,522.2200786794618,0.06975457,0.200066744410418,946.3774301313351,0.017366213512280005,0.6999999999999998,0.6000000000000001
Ukraine,nonpoor,0.8,8355.846016595944,0.10913350000000001,1.0656208998296508,35144.4636578449,0.010177251324341541,0.4153083161363591,0.0
Ukraine,poor,0.2,3825.4558604899294,0.03185545,0.737516400681397,10929.99462351107,0.011276709870628643,0.6999999999999998,0.0
United Kingdom,nonpoor,0.8,44693.23546722098,0.6278858,1.1022001720320362,152724.13012698054,0.007249772359588021,0.2616344,1.0
United Kingdom,poor,0.2,14515.999496543605,0.3657089000000001,0.591199311871855,26751.04071296677,0.007553314466419418,0.2999999999999999,1.0
United States,nonpoor,0.8,62336.258983242864,0.6432125000000001,0.9083078101071975,201676.2780376327,0.025512263899840883,0.5613394405662196,0.8000000000000004
United States,poor,0.2,13399.996662362006,0.38833190000000006,1.3667687595712097,17627.028411955343,0.025696211428043438,0.7915896877346467,0.8000000000000004
Uruguay,nonpoor,0.8,23658.384287859455,0.17571460000000005,1.146402514939358,82778.9749555831,0.003635236456138183,0.40005741249999993,0.6000000000000001
Uruguay,poor,0.2,5127.729084528679,0.05289780000000001,0.41438994024256737,10664.941743599922,0.004036038102249532,0.6999999999999998,0.6000000000000001
Uzbekistan,nonpoor,0.8,6530.157585392721,0.025224540000000004,1.072641913633252,9153.94902650588,0.0524065225485531,0.12597759214313933,0.0
Uzbekistan,poor,0.2,2093.4875473585653,0.008141437999999999,0.7094323454669925,2023.9592881761973,0.05318641000137077,0.4342145961505898,0.0
"Venezuela, RB",nonpoor,0.8,18883.40048597292,0.2550486,1.1981031647417386,60368.558477028324,0.00914211978034454,0.6764212741773349,0.0
"Venezuela, RB",poor,0.2,2480.8598861968144,0.1876162,0.20758734103304574,7638.1002742872615,0.009471913381767437,0.6999999999999997,0.0
Vietnam,nonpoor,0.8,6623.05572308108,0.1847556,1.2153422799960392,24381.467114541952,0.04635719954307737,0.21724682499999998,0.8000000000000004
Vietnam,poor,0.2,1847.76736476203,0.09144979,0.13863088001584328,7552.040507583662,0.04272038910363065,0.3,0.8000000000000004
"Yemen, Rep.",nonpoor,0.8,4221.046446508236,0.01403569,1.117249340408791,19314.04088211446,0.02135636757970158,0.3,0.2000000000000001
"Yemen, Rep.",poor,0.2,1432.353361323255,0.000864128,0.5310026383648355,6330.82045991888,0.021821017173546297,0.2999999999999999,0.2000000000000001
Zambia,nonpoor,0.8,4359.579001394452,0.2458853,1.1726822765764504,10264.531588668839,0.008440344358897258,0.4424472127146907,0.8000000000000004
Zambia,poor,0.2,690.7161241423375,0.055189309999999984,0.30927089369419775,1523.2512429910357,0.01373849955683519,0.6999999999999998,0.8000000000000004
