country,macro_gdp_pc_pp,macro_pop,macro_urbanization_rate,macro_prepare_scaleup,macro_borrow_abi,macro_avg_prod_k,macro_T_rebuild_K,macro_pi,macro_income_elast,macro_rho,macro_shareable,macro_max_increased_spending,macro_fa_glofris,macro_protection,macro_tau_tax,n_cat_info__nonpoor,n_cat_info__poor,c_cat_info__nonpoor,c_cat_info__poor,axfin_cat_info__nonpoor,axfin_cat_info__poor,gamma_SP_cat_info__nonpoor,gamma_SP_cat_info__poor,k_cat_info__nonpoor,k_cat_info__poor,fa_cat_info__nonpoor,fa_cat_info__poor,v_cat_info__nonpoor,v_cat_info__poor,shew_cat_info__nonpoor,shew_cat_info__poor,shew_for_hazard_ratio,hazard_ratio_fa__earthquake,hazard_ratio_fa__flood,hazard_ratio_fa__surge,hazard_ratio_fa__tsunami,hazard_ratio_fa__wind,hazard_ratio_flood_poor,ratio_surge_flood
Albania,9960.94072581355,2897366.0,0.57407,0.0,0.175,0.1852799860314327,3,0.2,1.5,0.06,0.8,0.05,0.07367993943126039,1.0,0.1867574269182081,0.8,0.2,11349.246839473812,4407.716271172496,0.092387,0.07585278999999999,1.094242898311792,0.6230284067528323,61811.78043633126,21560.668539257527,0.022103814552968414,0.021223163402987057,0.3514999999999999,0.6999999999999998,0.0,0.0,0.0,0.003020792060882213,0.0018249671832344515,0.0,0.0,0.0,0.0016661885930703865,0.0
Angola,7488.01175983409,21471618.0,0.4405,0.0,0.175,0.43239739052511456,3,0.2,1.5,0.06,0.8,0.05,0.017032878672476978,1.0,0.10613230399367687,0.8,0.2,8854.57390600381,2021.7631751552044,0.20126910000000006,0.09179081,1.1604757421563552,0.35809703137457904,20523.147060632382,4494.564269427742,0.0028141295675106386,0.012449336301822971,0.6,0.6999999999999997,0.0,0.0,0.0,4.3127215040719005e-05,0.000817286507595834,0.0,0.0,0.0,0.004228895323706887,0.0
Argentina,18087.196261682242,41446246.0,0.91751,0.7333333333333333,0.375,0.2695495148851759,3,0.2,1.5,0.06,0.8,0.05,0.07205781664084926,1.0,0.14528127847863,0.8,0.2,21573.50334112149,4141.967943925233,0.06037133,0.004365798,1.1711269003347782,0.3154923986608884,80282.0253528984,14379.760091832175,0.008573419621953241,0.008978744504127544,0.3972539125,0.6999999999999998,0.6400000000000003,0.6400000000000003,0.8000000000000002,0.001944975098418697,0.0011183749356124264,0.0,0.0,0.0,0.0012367548901097186,0.0
Armenia,7526.83641911287,2976566.0,0.62673,0.4,0.425,0.3666957212217474,3,0.2,1.5,0.06,0.8,0.05,0.03800051942626459,1.0,0.2684700594609083,0.8,0.2,8583.416081445841,3300.5177697809936,0.01239363,0.001895716,1.0437676428818643,0.8249294284725426,24135.209063322924,6089.709775922267,0.05308045055645555,0.052914131233905516,0.2375,0.2999999999999999,0.3200000000000002,0.3200000000000002,0.4000000000000001,0.008132150223755063,0.0031871319714113573,0.0,0.0,0.0,0.0031418805975541152,0.0
Australia,42834.0167597384,23129300.0,0.8942299999999999,0.8,0.9166666666666669,0.27360239086009513,3,0.2,1.5,0.06,0.8,0.05,0.04109036778223482,1.0,0.15777560000000002,0.8,0.2,49778.48172691098,15056.156891048047,0.6854684,0.5201536,0.9280760142886478,1.2876959428454082,188801.4700889032,27572.67331648017,0.003926638030718836,0.004330773315234596,0.5385999999999999,0.6999999999999998,0.8,0.8,1.0,1.6860245802487052e-05,0.0009087217142046991,0.00028963856260099595,1.4051578938568268e-05,3.5515070335051376e-05,0.0010049098812967535,0.31873186045134144
Austria,44056.254416802,8479823.0,0.65968,0.8,0.8916666666666666,0.23227851820729006,3,0.2,1.5,0.06,0.8,0.05,0.07921920515759366,1.0,0.417385921738,0.8,0.2,50411.36911642568,18635.79561830725,0.5678905000000001,0.4380794,1.1189693594425305,0.5241225622298784,220464.96965866664,66489.86022248652,0.02373429787983792,0.025467007423445053,0.2394999999999999,0.5700000000000001,0.8,0.8,1.0,0.0010887844876421762,0.0012342947291563266,0.0,0.0,0.0,0.0013649447904381092,0.0
Azerbaijan,16593.1887600482,9416801.0,0.5462,0.0,0.25,0.5982212831852317,3,0.2,1.5,0.06,0.8,0.05,0.05712771561032616,1.0,0.425931195068567,0.8,0.2,19055.203142320348,6745.131230959593,0.024682880000000004,0.001134416,1.045493422915381,0.8180263083384756,33970.395026645696,2806.1365164174763,0.025692136852413817,0.02605108769825194,0.2375,0.2999999999999999,0.0,0.0,0.0,0.0060304773637312094,0.0005986705484620512,0.0,0.0,0.0,0.0006620398086529529,0.0
Bangladesh,2853.4477401556605,156594962.0,0.34277,0.7333333333333333,0.6166666666666667,0.2897089076246591,3,0.2,1.5,0.06,0.8,0.05,0.22001199985389425,1.0,0.055500158631513086,0.8,0.2,3250.076976037297,1266.9307966291133,0.1823108,0.1456589,1.1364744196042722,0.4541023215829108,11219.884377995933,4367.269628867606,0.06276019512803058,0.06262654531590585,0.4155351976122284,0.6999999999999998,0.6400000000000003,0.6400000000000003,0.8000000000000002,0.0007521400776754101,0.013945985750889248,0.00013897419181074447,3.271208625031438e-05,0.0027707137054016288,0.013897558831249041,0.009965175233445433
Belarus,17054.5583344525,9466000.0,0.76667,0.7333333333333333,0.5166666666666667,0.3864445367538237,3,0.2,1.5,0.06,0.8,0.05,0.03563503796859986,1.0,0.32718412041469713,0.8,0.2,19320.682773142875,7990.060579690998,0.08594028,0.04172604,1.0739649897627177,0.7041400409491291,51260.270227469904,15618.764325773796,0.016139498179580252,0.016975397849178127,0.29499999999999993,0.6999999999999998,0.6400000000000003,0.6400000000000003,0.8000000000000002,0.0,0.005114064010898183,0.0,0.0,0.0,0.005378932495001406,0.0
Belgium,40608.9720093428,11182817.0,0.9785799999999999,0.0,0.425,0.2166915174374668,3,0.2,1.5,0.06,0.8,0.05,0.10099202257790048,1.0,0.42328490884750014,0.8,0.2,46522.65355820334,16954.245813900616,0.4174232,0.4380374,1.0894315549689566,0.6422737801241732,222424.5622974532,47324.40147905378,0.007023333288955351,0.007316652796049723,0.27,0.4600000000000001,0.0,0.0,0.0,0.0003362771340208368,0.00017367292770594092,0.0,0.0,0.0,0.00019205620206641505,0.0
Benin,1733.30939936435,10323474.0,0.4395,0.6666666666666667,0.25,0.3302533219458435,3,0.2,1.5,0.06,0.8,0.05,0.043864808492979766,1.0,0.07285542246609816,0.8,0.2,2033.6052528042237,532.1259856048554,0.1062553,0.01619615,1.2002149258161103,0.19914029673555825,6146.592272275322,1655.7499780399382,0.008233160180715892,0.01891039877785149,0.6734349004145419,0.6999999999999997,0.3200000000000002,0.3200000000000002,0.4000000000000001,1.5506507328575075e-05,0.001272416797664914,0.0,0.0,0.0,0.0029636036806372688,0.0
Bolivia,5934.38797771874,10671200.0,0.68512,0.5333333333333333,0.45,0.4218342004210295,3,0.2,1.5,0.06,0.8,0.05,0.04648689477305887,1.0,0.2308646060415801,0.8,0.2,7171.707871073098,985.1084043013108,0.22580279999999997,0.08907469000000001,1.1875860553422155,0.2496557786311359,17089.561040071298,1982.0456004273417,0.020377237493580468,0.02103256357272152,0.3888542116786029,0.6999999999999998,0.4800000000000001,0.4800000000000001,0.6000000000000001,0.0030802213060657185,0.0024947326536248573,0.0,0.0,0.0,0.0027760797602827737,0.0
Bosnia and Herzegovina,9387.35003138015,3829307.0,0.39766999999999997,0.0,0.125,0.32393223235700314,3,0.2,1.5,0.06,0.8,0.05,0.13678412833995238,1.0,0.13248633786603434,0.8,0.2,10857.643730045069,3506.1752367204863,0.07855196,0.03455922,1.0952833681147622,0.6188665275409517,33789.737429667985,9737.869641903924,0.017789929306783882,0.01805562286441113,0.4420310714249999,0.6999999999999998,0.0,0.0,0.0,0.0010543252238667735,0.0032990578422538203,0.0,0.0,0.0,0.003371736434605446,0.0
Botswana,15246.6087973119,2021144.0,0.57444,0.6,0.7083333333333333,0.2811780767140953,3,0.2,1.5,0.06,0.8,0.05,0.034952582599130165,1.0,0.049144487527118315,0.8,0.2,18517.006384335305,2165.0184492182893,0.2164499,0.08854125,1.0818427250250475,0.6726290998998098,66226.86340618136,6212.70224743394,0.005324049326518646,0.005606682816226403,0.6416008539893611,0.6999999999999997,0.6400000000000003,0.6400000000000003,0.8000000000000002,0.0005405016170376669,0.0008568521145437181,0.0,0.0,0.0,0.0009475498860160806,0.0
Brazil,14555.0821953115,200361925.0,0.8568700000000001,0.8666666666666666,0.5583333333333333,0.26557501018758395,3,0.2,1.5,0.06,0.8,0.05,0.04966197906263582,1.0,0.2062913808801068,0.8,0.2,17577.081136113047,2467.086432105299,0.1296786,0.0636212,1.2036438994803549,0.18542440207858096,66241.70537830978,9062.767811275742,0.002488573593661752,0.002751989036372401,0.6506628849962744,0.6999999999999997,0.1600000000000001,0.1600000000000001,0.20000000000000004,0.0,0.000795955248652955,0.0,0.0,0.0,0.0008802070886370297,0.0
Bulgaria,15695.0177942759,7265115.0,0.73948,0.6666666666666667,0.7166666666666667,0.3230784715072762,3,0.2,1.5,0.06,0.8,0.05,0.0406646206660324,1.0,0.42104100267449995,0.8,0.2,18361.20894207852,5030.253203065426,0.07025403,0.01463466,1.1238116770278679,0.5047532918885271,58459.408519365745,9060.286682361246,0.008925179981729653,0.0084756226455612,0.3857760364,0.6999999999999998,0.6400000000000003,0.6400000000000003,0.8000000000000002,0.0012535665480080365,0.000752434973003591,0.0,0.0,0.0,0.000610655338707023,0.0
Burkina Faso,1630.4444967271695,16934839.0,0.29859,0.8,0.4166666666666667,0.40566509188102295,3,0.2,1.5,0.06,0.8,0.05,0.011201136451543192,1.0,0.3350184754352661,0.8,0.2,1901.09828318388,547.8293509003289,0.1070983,0.0373907,1.125968832109557,0.4961246715617732,4767.431849918557,1026.2154033777122,0.0035945540023861345,0.0023406398155072497,0.6734349004145419,0.6999999999999997,0.4800000000000001,0.4800000000000001,0.6000000000000001,0.0,0.0016146816397284423,0.0,0.0,0.0,0.0010514206026138691,0.0
Burundi,746.960151427392,10162532.0,0.12057000000000001,0.6666666666666667,0.25,0.4629793127178333,3,0.2,1.5,0.06,0.8,0.05,0.013002055002250844,1.0,0.09738497966160996,0.8,0.2,850.040652324372,334.6381478394717,0.05161891,0.005427960000000001,1.1264657438664585,0.4941370245341676,1838.0307431667084,714.7617769184372,0.02669435017664736,0.02724760020669329,0.4424472127146907,0.6999999999999998,0.4800000000000001,0.4800000000000001,0.6000000000000001,0.002298900125109747,0.0016288051173384069,0.0,0.0,0.0,0.001801214091766906,0.0
Cambodia,2943.52466835185,15135169.0,0.20723000000000005,0.0,0.15,0.4592944496539701,3,0.2,1.5,0.06,0.8,0.05,0.1597953949501889,1.0,0.02793256760472871,0.8,0.2,3348.6272508337734,1323.1143384241566,0.0120755,0.0021845939999999998,1.150272473187989,0.39891010724804415,7288.478000213143,2890.070574698747,0.09086074407326697,0.06413905520651206,0.20385327749999996,0.6999999999999998,0.0,0.0,0.0,0.0,0.03784986492949056,0.0,0.0,1.469430445348321e-06,0.026717551714934513,0.0
Cameroon,2739.34394480018,22253959.0,0.54381,0.6666666666666667,0.5666666666666667,0.4197375746029477,3,0.2,1.5,0.06,0.8,0.05,0.03702171514027235,1.0,0.037486078723654566,0.8,0.2,3206.744505381711,869.7417024740573,0.1015309,0.09631175,0.9325424085894692,1.2698303656421237,7700.394019042173,1830.0503322065085,0.01951707055423152,0.027547177013429243,0.3,0.6343680960785822,0.6400000000000003,0.6400000000000003,0.8000000000000002,0.0003765322986224703,0.0035264240438046233,0.0,0.0,0.0,0.0054907519980278855,0.0
Canada,41898.8823594636,35154279.0,0.81828,0.8666666666666666,0.8333333333333333,0.3354838938558465,3,0.2,1.5,0.06,0.8,0.05,0.03686313445856925,1.0,0.17486100000000004,0.8,0.2,48655.077139927096,14874.103237609575,0.6416324999999999,0.3688955,0.92973847799109,1.2810460880356394,151156.8479853652,19827.06215920386,0.010448290060241209,0.011365502086493838,0.27848915166168753,0.3927198494711082,0.6400000000000003,0.6400000000000003,0.8000000000000002,0.0001630989343301289,0.0011311930468506806,0.0,0.0,5.405206599285188e-05,0.0012509297980507661,0.0
Central African Republic,584.375944042188,4616417.0,0.40037,0.0,0.0,0.3147438330510679,3,0.2,1.5,0.06,0.8,0.05,0.04463248461537338,1.0,0.06507412020696025,0.8,0.2,705.8530934099579,98.46734657110868,0.03726327,0.006212666,1.25,0.0,2237.1833894809565,334.62456822843006,0.0099494215203884,0.011815644944421043,0.6348205552960912,0.7000000000000002,0.0,0.0,0.0,0.0001733606052458107,0.002529593287265238,0.0,0.0,0.0,0.0031255707633224927,0.0
Chad,2021.59347086517,12825314.0,0.22471,0.0,0.0,0.7532009944644721,3,0.2,1.5,0.06,0.8,0.05,0.0781597334231037,1.0,0.06392829943634394,0.8,0.2,2403.6746368586873,493.2688068911015,0.08138166,0.0492537,1.25,0.0,3180.09774372849,699.6223131893588,0.008088629368311683,0.00894481055234533,0.6734349004145419,0.6999999999999997,0.0,0.0,0.0,0.0,0.0027040690263410603,0.0,0.0,0.0,0.0029902946543505955,0.0
Chile,21714.0315564501,17619708.0,0.8953,0.8,0.925,0.3473941118185529,3,0.2,1.5,0.06,0.8,0.05,0.08372318136236923,1.0,0.1706202905879488,0.8,0.2,25915.6966626232,4907.371131757722,0.16054310000000002,0.07033718,1.101807265358866,0.5927709385645358,75779.32064604423,9410.057657437968,0.09086606203427458,0.09232902958763296,0.11529375,0.313141,0.6400000000000003,0.6400000000000003,0.8000000000000002,0.024600980864344778,0.0035221602241720766,0.0,0.0001212270445323085,0.0,0.0037705355156348896,0.0
China,11524.567506563,1357380000.0,0.55614,0.8,0.8416666666666667,0.2292163791392399,3,0.2,1.5,0.06,0.8,0.05,0.09268535857950012,1.0,0.1473363666102666,0.8,0.2,13732.962755008137,2690.9865127824605,0.4205325999999999,0.17047620000000002,1.1166298251390272,0.5334806994438908,60564.20413975129,9133.759233187242,0.00346259538414658,0.0037931122007510572,0.5370080662500001,0.6999999999999997,0.6400000000000003,0.6400000000000003,0.8000000000000002,0.000402505705480107,0.0007783019114332922,0.00027396715141210547,0.0,7.356183059523117e-05,0.0008606851461846821,0.3520062682456703
Colombia,12025.385371844199,48321405.0,0.76436,0.7333333333333333,0.7166666666666667,0.2797792564799715,3,0.2,1.5,0.06,0.8,0.05,0.03419750354611952,1.0,0.08849466707554246,0.8,0.2,14535.684568216675,1984.188586354293,0.1365075,0.02795298,1.192808533129876,0.22876586748049535,52020.640893394935,6825.888238412603,0.06645888094648991,0.07217490899808066,0.22260120000000003,0.5302351999999999,0.6400000000000003,0.6400000000000003,0.8000000000000002,0.014282390918202433,0.0025370865238417864,0.0,6.004005061106807e-05,0.0,0.003488932672974088,0.0
"Congo, Dem. Rep.",783.259253578526,67513677.0,0.42494,0.4,0.375,0.2370560018580905,3,0.2,1.5,0.06,0.8,0.05,0.036329393275439416,1.0,0.029234729124348564,0.8,0.2,925.5187155097258,214.2214058537268,0.01915755,0.008708673000000002,1.2196390023591162,0.12144399056353555,3900.437177315494,918.8043971599144,0.017275791950647202,0.03307951760310219,0.6,0.6999999999999997,0.3200000000000002,0.3200000000000002,0.4000000000000001,0.0002519424743678097,0.003185721023198366,0.0,0.0,0.0,0.006339648774395182,0.0
"Congo, Rep.",5680.2299827443285,4447632.0,0.6537999999999999,0.0,0.125,0.3727534239023239,3,0.2,1.5,0.06,0.8,0.05,0.0348527324926088,1.0,0.15325657801723264,0.8,0.2,6701.961350890462,1593.3045101597838,0.08744304,0.017709810000000003,1.1713128089383926,0.3147487642464292,18003.225901344234,4179.957660369249,0.043136787233780526,0.04765611444850193,0.3,0.6343680960785822,0.0,0.0,0.0,4.4980555678414e-05,0.006835012880916985,0.0,0.0,0.0,0.007558498796119724,0.0
Costa Rica,13430.743207071202,4872166.0,0.7682100000000001,0.9333333333333332,0.75,0.4818967549173638,3,0.2,1.5,0.06,0.8,0.05,0.02002755712618558,1.0,0.21404341982351452,0.8,0.2,16081.636147566878,2827.1714450884883,0.2792255,0.07918306,1.134526600420333,0.4618935983186678,33848.56627329305,3958.646811934115,0.022882510006382757,0.022882510006382757,0.3210421673309508,0.6999999999999998,0.8,0.8,1.0,0.004992569119167385,0.0008214576772013046,6.638548064254378e-06,9.932727251983877e-06,1.0902225593504382e-05,0.0008214576772013046,0.008081424336883457
Croatia,20048.9871590995,4255700.0,0.5896399999999999,0.6666666666666667,0.5583333333333333,0.23052247153165525,3,0.2,1.5,0.06,0.8,0.05,0.10140820045641144,1.0,0.29283537309999996,0.8,0.2,23053.82910956953,8029.619357219351,0.1524273,0.07799293,1.0621433301665562,0.751426679333775,103166.50954214913,22193.674767163346,0.013858239971867609,0.01438268902918145,0.4412012811,0.6999999999999998,0.6400000000000003,0.6400000000000003,0.8000000000000002,0.0017583148708143182,0.0013869342519956095,0.0,0.0,0.0,0.0015337412023427822,0.0
Czech Republic,28124.4644802821,10514272.0,0.72992,0.6666666666666667,0.9,0.23979983157078166,3,0.2,1.5,0.06,0.8,0.05,0.0690777073710352,1.0,0.4459824502705999,0.8,0.2,31875.564930339722,13120.062680051598,0.4178777,0.2615189,1.1438830645633369,0.42446774174665175,131933.62563483705,58680.931868090185,0.008981002298948168,0.009769847222994907,0.4135,0.6999999999999998,0.8,0.8,1.0,0.00033804924198760816,0.0007393987454553516,0.0,0.0,0.0,0.0008176640812163214,0.0
Denmark,42482.7324552521,5614932.0,0.87676,0.7333333333333333,0.9166666666666669,0.2301060640275852,3,0.2,1.5,0.06,0.8,0.05,0.006072226335407568,1.0,0.38302841117809994,0.8,0.2,48255.07372760948,19393.36736582258,0.6474435000000001,0.4418965999999999,1.048342222232479,0.8066311110700847,219740.73328990175,44149.037721770095,0.0004073094123660628,0.00045042310185143157,0.25,0.2999999999999999,0.6400000000000003,0.6400000000000003,0.8000000000000002,0.0,5.611434119050659e-05,0.0,0.0,0.0,6.205404257798454e-05,0.0
Djibouti,2902.5462446952697,872932.0,0.7734300000000001,0.6,0.25,0.2605986206727131,3,0.2,1.5,0.06,0.8,0.05,0.006169676099266541,1.0,0.09772496898379668,0.8,0.2,3409.403382675181,875.1176927756238,0.04367659,0.01797438,1.029509150197479,0.8819633992100837,13258.028505407738,2657.8631010912272,0.024057743187943785,0.024107266189367076,0.2919383715793353,0.6224866506129807,0.4800000000000001,0.4800000000000001,0.6000000000000001,0.0019936215360105533,0.00014559462298854755,0.0,0.0,0.0,0.0001610058096090671,0.0
Dominican Republic,11795.4705790204,10403761.0,0.7898000000000001,0.6,0.5083333333333333,0.3771503990888722,3,0.2,1.5,0.06,0.8,0.05,0.03484973710414988,1.0,0.121321382012562,0.8,0.2,14005.646878764346,2954.7653800446105,0.2295297,0.05700692,1.1510218599978763,0.3959125600084948,37292.42430903282,7206.520414919112,0.10253382777453916,0.1016749970798718,0.2999999999999999,0.3489973692170465,0.6400000000000003,0.6400000000000003,0.8000000000000002,0.005950626057595436,0.0014359395605137975,0.0006628047655570179,0.0,0.008326657222319215,0.0013758313206297587,0.4615826346617665
Ecuador,10540.6573666533,15737878.0,0.63742,0.8,0.4583333333333333,0.25747347179967145,3,0.2,1.5,0.06,0.8,0.05,0.06925596070902182,1.0,0.17818828830274655,0.8,0.2,12609.261374859008,2266.241333830459,0.17696589999999998,0.09387966,1.1657520576178706,0.33699176952851745,49243.765807530996,7718.9833638201335,0.023576073585864242,0.025117960726128225,0.6764212741773349,0.6999999999999997,0.4800000000000001,0.4800000000000001,0.6000000000000001,0.006520974966794513,0.0009327454582610045,0.0,1.1696254124257092e-05,0.0,0.0012195621558881902,0.0
"Egypt, Arab Rep.",10733.488722812801,82056378.0,0.43135,0.6666666666666667,0.4583333333333333,0.4927783418827425,3,0.2,1.5,0.06,0.8,0.05,0.2004021134886876,1.0,0.11750811006569907,0.8,0.2,12175.801269940772,4964.23853430092,0.01016893,0.002091735,1.1514730056066735,0.3941079775733053,24658.88511192765,10272.337705007121,0.006387351477210574,0.010271751075922772,0.5499999999999999,0.6999999999999998,0.4800000000000001,0.4800000000000001,0.6000000000000001,0.0005083407942935331,0.0002093309368714995,0.0,2.4483117961452234e-05,0.0,0.0005073798968874266,0.0
El Salvador,7515.082656377621,6340454.0,0.6672600000000001,0.6666666666666667,0.5083333333333333,0.13424357530792413,3,0.2,1.5,0.06,0.8,0.05,0.00899717179647867,1.0,0.17776823220480018,0.8,0.2,8858.403681205122,2141.798557067622,0.18161670000000002,0.04984934,1.1761358886366418,0.2954564454534332,66019.1819826094,15828.013847324792,0.021684314762783933,0.02235348315838031,0.44,0.6999999999999998,0.4800000000000001,0.4800000000000001,0.6000000000000001,0.007690690843015675,0.00030237494370069653,0.0,0.0,0.0,0.00043381023438859715,0.0
Estonia,25253.7672011471,1317997.0,0.67538,0.0,0.4,0.2800603915970392,3,0.2,1.5,0.06,0.8,0.05,0.018206209318918292,1.0,0.36112345923100003,0.8,0.2,29303.840116031064,9053.475541611237,0.3582999,0.18928570000000006,1.1213119782318737,0.5147520870725052,106625.03977100039,24362.72547346757,0.015704791848262983,0.016387745013566813,0.12597759214313936,0.4342145961505898,0.0,0.0,0.0,9.245448179978574e-05,0.0044373829111335385,0.0,0.0,0.0,0.004647354519900178,0.0
Finland,38820.821824728104,5438972.0,0.84221,0.8666666666666666,0.8916666666666666,0.21799096857432496,3,0.2,1.5,0.06,0.8,0.05,0.02965226992345247,1.0,0.3572890730856,,,,,,,,,,,,,,,,,,,,,,,,
France,37216.8018998205,65939866.0,0.7951999999999999,0.7333333333333333,0.95,0.2234491797478895,3,0.2,1.5,0.06,0.8,0.05,0.0714014429531207,1.0,0.385449448517,0.8,0.2,42887.71208930565,14533.161141879904,0.5575401999999999,0.4022605,1.1242760884366327,0.5028956462534692,194870.32015863387,53298.726475157615,0.018189302674319792,0.01971808172006171,0.2394999999999999,0.5700000000000001,0.8,0.8,1.0,0.00027339766359619745,0.0010093282593372748,0.00016352343717415812,1.0049405422636729e-07,0.00034877897148606857,0.0011161656263136259,0.16201214586177112
Gabon,18646.3698144321,1671711.0,0.8715600000000001,0.5333333333333333,0.5916666666666667,0.3299123735952057,3,0.2,1.5,0.06,0.8,0.05,0.09396234844893878,1.0,0.12746510848534254,0.8,0.2,21942.11567913297,5463.386355628606,0.13129620000000006,0.01964613,1.123090545414175,0.5076378183432987,66951.96772380412,14787.922818642925,0.026570721380791983,0.05500846020004646,0.3269905140632944,0.6999999999999998,0.1600000000000001,0.1600000000000001,0.20000000000000004,6.91302884900625e-05,0.005804927535783781,0.0,0.0,0.0,0.012176189465302566,0.0
Georgia,6930.291380152889,4487200.0,0.53641,0.6666666666666667,0.6166666666666667,0.3632651483124993,3,0.2,1.5,0.06,0.8,0.05,0.08371570212028312,1.0,0.5660634998212936,0.8,0.2,8205.464994101021,1829.5969243603624,0.01637902,0.0015679239999999998,1.1353639604079409,0.4585441583682364,23798.476511879282,194.97742157770614,0.06829700246764614,0.0690760276414796,0.201292325,0.5390769999999999,0.4800000000000001,0.4800000000000001,0.6000000000000001,0.014160348517311969,0.003382710764141504,0.0,0.0,0.0,0.0035623026298605013,0.0
Germany,42883.6868079517,80651873.0,0.7530100000000001,0.8,0.9166666666666669,0.2730174463967501,3,0.2,1.5,0.06,0.8,0.05,0.0720767912654576,1.0,0.4049132369473,0.8,0.2,49160.78646446564,17775.288181895976,0.5140285,0.5698233,1.0852424705587416,0.6590301177650334,186598.28213087856,38972.191054505296,0.01103689481597762,0.011786009378624573,0.24072669375,0.2999999999999999,0.6400000000000003,0.6400000000000003,0.8000000000000002,0.0006329725470159218,0.0005553654400348931,0.0,0.0,0.0,0.0006141508557547988,0.0
Ghana,3864.0307887795,25904598.0,0.54042,0.8,0.5416666666666667,0.4079350165763704,3,0.2,1.5,0.06,0.8,0.05,0.02593631168825569,1.0,0.12097573686150866,0.8,0.2,4576.944469309317,1012.3760666602292,0.2401777,0.04551203,1.1320659882256563,0.4717360470973744,11288.141556069399,2208.2955768091133,0.0042429409778092075,0.00508111370326911,0.6973988599523725,0.6999999999999997,0.6400000000000003,0.6400000000000003,0.8000000000000002,0.0,0.0012319848173425638,0.0,0.0,0.0,0.0014753575339270905,0.0
Greece,24305.0596068933,11027549.0,0.7800699999999999,0.8,0.4666666666666667,0.2367917503163358,3,0.2,1.5,0.06,0.8,0.05,0.017597576249905544,1.0,0.489303145719,0.8,0.2,28421.72907781085,7838.3817232230895,0.2479624,0.12937169999999998,1.1866287800772544,0.2534848796909825,118331.58097592075,39889.6047429778,0.06895673587689853,0.06910096725359356,0.14181598750000002,0.44601326,0.8,0.8,1.0,0.02679107249944737,0.0002176244836335146,0.0,0.0,0.0,0.00024066002891415402,0.0
Guatemala,7062.530674821691,15468203.0,0.51571,0.4666666666666667,0.5833333333333333,0.6475627728005022,3,0.2,1.5,0.06,0.8,0.05,0.032325331712589875,1.0,0.10915112423213616,0.8,0.2,8486.513422132613,1366.599685577997,0.1347752,0.05336335,1.15282868716903,0.3886852513238788,13170.520237481996,1849.54881222234,0.06561194275027614,0.0717074279965337,0.09999999999999998,0.5837106449697208,0.3200000000000002,0.3200000000000002,0.4000000000000001,0.03418007124068317,0.002453485049144605,0.0,0.0,0.0,0.004169369786515859,0.0
Guinea,1212.8881328330199,11745189.0,0.37161,0.6,0.3333333333333333,0.3510694892836516,3,0.2,1.5,0.06,0.8,0.05,0.02160955117769452,1.0,0.0731653252091149,0.8,0.2,1401.6438485051588,457.865270144465,0.02541692,0.01277901,1.225166522482532,0.09933391006987224,3973.53093991965,1380.0651097085886,0.008006102984557749,0.009980426431898877,0.6849999999999998,0.6999999999999997,0.4800000000000001,0.4800000000000001,0.6000000000000001,4.799171659516166e-05,0.002470245056787629,0.0,0.0,0.0,0.003135439796048327,0.0
Honduras,4445.2710541232,8097688.0,0.5473,0.33333333333333337,0.5666666666666667,0.3635926941047578,3,0.2,1.5,0.06,0.8,0.05,0.04325052661464394,1.0,0.13798710358389835,0.8,0.2,5411.56184951323,580.1078725630776,0.118058,0.0431121,1.18900583592536,0.2439766562985595,14939.103102149538,1373.4057395414625,0.0573317752634605,0.059076860506754876,0.391375828971834,0.6999999999999998,0.3200000000000002,0.3200000000000002,0.4000000000000001,0.021702621559118555,0.00325704289991853,0.00010407376683257418,0.0,0.0006739326368108093,0.0038024852948578586,0.031953452880579936
Hungary,22706.6118964343,9893899.0,0.7122700000000001,0.8666666666666666,0.6666666666666667,0.22126941170098394,3,0.2,1.5,0.06,0.8,0.05,0.09877804612886447,1.0,0.5576027275000001,0.8,0.2,26041.645518723086,9366.477407279148,0.22392620000000002,0.0918939,1.0812699418691418,0.674920232523432,126177.59104915091,8388.389984549309,0.03536535175732074,0.04364063867501776,0.435105,0.6999999999999998,0.8,0.8,1.0,0.0004793210941147616,0.00519782954473912,0.0,0.0,0.0,0.006502360973180587,0.0
India,5243.95705971261,1252139596.0,0.32747,0.8666666666666666,0.775,0.4525301642355351,3,0.2,1.5,0.06,0.8,0.05,0.08479572786387997,1.0,0.11920598623120796,0.8,0.2,5995.15390851644,2239.1696644972844,0.1227241,0.10608599999999999,1.0696173975783871,0.721530409686452,13363.555428814087,4486.192804638613,0.005365212361276088,0.005733797041249924,0.52231544875,0.6999999999999998,0.6400000000000003,0.6400000000000003,0.8000000000000002,0.0001440030026981582,0.0019697776031201947,0.0002298049106392479,0.0,0.00037421754439827726,0.002167416843612726,0.11666540947324672
Indonesia,9254.42217970391,249865631.0,0.53742,0.6666666666666667,0.6083333333333334,0.30997681866727844,3,0.2,1.5,0.06,0.8,0.05,0.0644947034323651,1.0,0.12573012643233533,0.8,0.2,10685.387209240624,3530.562061557041,0.2072208,0.07181267,1.074307632268649,0.7027694709254045,34816.41330339237,10010.383289621097,0.022968880027760544,0.022595337649891373,0.19760155,0.3,0.6400000000000003,0.6400000000000003,0.8000000000000002,0.001921248681462394,0.0036162625199436683,6.560592799062107e-05,8.289184148207837e-05,0.0,0.00349811982179539,0.018141915203557464
"Iran, Islamic Rep.",15090.047220074799,77447168.0,0.73375,0.6,0.4166666666666667,0.31799517747918205,3,0.2,1.5,0.06,0.8,0.05,0.04368433750480298,1.0,0.1383892901817795,0.8,0.2,17649.696479779985,4851.4501812540475,0.24928379999999997,0.1211886,1.0907383921684917,0.6370464313260327,56104.29526069462,12851.310569215928,0.015821377701843917,0.016263556707349663,0.27298385870631203,0.6999999999999998,0.3200000000000002,0.3200000000000002,0.4000000000000001,0.006746416957334353,0.0007808565101878607,0.0,0.0,0.0,0.0008635101491433281,0.0
Iraq,14471.473317625,33417476.0,0.69471,0.2,0.25,0.5840924714508963,3,0.2,1.5,0.06,0.8,0.05,0.24086888785759994,1.0,0.0934952131161972,0.8,0.2,16497.4795820925,6367.448259755,0.07414198,0.0292944,1.095815149538478,0.6167394018460878,28357.544337693053,10449.807625558653,0.018143026902095214,0.021724180395209645,0.6,0.6999999999999997,0.4800000000000001,0.4800000000000001,0.6000000000000001,0.0019764212927379566,0.0033148732029683516,0.0,0.0,0.0,0.00440656227949098,0.0
Ireland,44647.2359111421,4597558.0,0.63241,0.0,0.35,0.31125054927451323,3,0.2,1.5,0.06,0.8,0.05,0.03555792087175875,1.0,0.5064689547064001,0.8,0.2,51556.395668391335,17010.596882145142,0.5241702,0.4951397,1.1019988201281692,0.592004719487323,173407.98772525645,23591.4566593676,0.00980880426061542,0.010787948756541012,0.2663043624999999,0.3000000000000001,0.0,0.0,0.0,6.07439977915411e-05,0.0007937373664094792,0.0,0.0,0.0,0.0008777544436224091,0.0
Israel,30926.8490945208,8059500.0,0.9214,0.0,0.4,0.3584782813615938,3,0.2,1.5,0.06,0.8,0.05,0.008807388501902946,1.0,0.1781559119449155,0.8,0.2,36876.40168907923,7128.638716287043,0.290902,0.1858163,1.0960112549559382,0.6159549801762472,104671.45358762254,12677.125923779337,0.006781581070152629,0.006788567446548224,0.5499999999999999,0.6999999999999998,0.0,0.0,0.0,0.0008019176413357271,6.4253491525762845e-06,0.0,0.0,0.0,7.105472174016021e-06,0.0
Italy,33923.5598171182,60233948.0,0.6896399999999999,0.8666666666666666,0.7166666666666667,0.2046119687179293,3,0.2,1.5,0.06,0.8,0.05,0.04766468506187956,1.0,0.4149386125365,0.8,0.2,39830.4996702739,10295.800404495372,0.17877559999999998,0.11888060000000004,1.1709386676966238,0.3162453292135039,195038.2521333256,48819.999000875476,0.015411743596572524,0.015673857557563346,0.2394999999999999,0.5700000000000001,0.8,0.8,1.0,0.004375871847049899,0.00023137012210143427,0.0,0.0,0.0,0.0002558606428152253,0.0
Jamaica,8607.498562766179,2714734.0,0.54788,0.6,0.4083333333333333,0.3810091134726805,3,0.2,1.5,0.06,0.8,0.05,0.0005963410341568683,1.0,0.15380263536327926,0.8,0.2,10183.746737072735,2302.5058655399525,0.31051059999999997,0.2945098,1.1341149202494514,0.4635403190021945,26929.596947771202,5238.209025113967,0.1221782796380791,0.12368160053148615,0.391375828971834,0.6999999999999998,0.6400000000000003,0.6400000000000003,0.8000000000000002,0.0016902271902493726,0.00033205595521357387,0.003239752479190105,0.0,0.01066108633291856,0.0003672040684419986,9.75664621676892
Japan,35614.3100226829,127338621.0,0.9349799999999999,0.8,0.8166666666666667,0.210442533555454,3,0.2,1.5,0.06,0.8,0.05,0.07320319274620732,1.0,0.2109684809648879,0.8,0.2,41236.91921751396,13123.873243358648,0.5513969,0.4561238,0.9981370979789251,1.0074516080842997,203181.41670239216,33450.94542215344,0.0280268847528242,0.0287223820993912,0.20493825,0.3,0.6400000000000003,0.6400000000000003,0.8000000000000002,0.003829018260810266,0.00028679450232631373,0.002096535820091738,0.00036024041919536034,0.0005448793042634509,0.00031715169207938257,7.310237131764495
Jordan,11404.7388595369,6460000.0,0.8367899999999999,0.4666666666666667,0.425,0.17572272222131016,3,0.2,1.5,0.06,0.8,0.05,0.003988062543257742,1.0,0.20625207040433685,0.8,0.2,13082.661064246267,4693.050040699434,0.1260008,0.01290732,1.1265306640424178,0.49387734383032894,74797.90699905509,25317.880944047676,0.007336307075527526,0.007367934741928831,0.5499999999999999,0.6999999999999998,0.4800000000000001,0.4800000000000001,0.6000000000000001,0.0006770185070691791,1.242784851125226e-05,0.0,0.0,0.0,1.542876501353899e-05,0.0
Kazakhstan,22469.6790194365,17035275.0,0.53247,0.6,0.775,0.3305707553557686,3,0.2,1.5,0.06,0.8,0.05,0.05316952191177236,1.0,0.25758499141711805,0.8,0.2,25432.86794012468,10616.923336683743,0.07945224000000001,0.0495838,1.016767908671208,0.9329283653151672,79650.84636428481,21258.48458720366,0.02852746322162449,0.031034495029307118,0.12597759214313936,0.43421459615058977,0.6400000000000003,0.6400000000000003,0.8000000000000002,0.003400474223345289,0.0030404564011948603,0.0,0.0,0.0,0.00378080567523702,0.0
Kenya,2705.323218139811,44353691.0,0.25622,0.8,0.5083333333333333,0.4629602731517201,3,0.2,1.5,0.06,0.8,0.05,0.018816828448511267,1.0,0.07101333133246544,0.8,0.2,3217.9819679773054,654.6882187898342,0.3215924000000001,0.10053339999999998,1.2032546169464908,0.1869815322140365,6944.737391087854,1438.710945940681,0.005878675269115735,0.009624662514894,0.6,0.6999999999999997,0.3200000000000002,0.3200000000000002,0.4000000000000001,0.00021123994019586685,0.0015175829423680705,0.0,0.0,0.0,0.0029766866716132347,0.0
Kyrgyz Republic,3109.8128288413104,5719600.0,0.35707,0.6,0.4833333333333333,0.5202256666410198,3,0.2,1.5,0.06,0.8,0.05,0.05226313149431831,1.0,0.4821306047059968,0.8,0.2,3588.724004482872,1194.168126275063,0.01364074,0.001899116,1.106285926222594,0.574856295109624,7163.940714271255,1233.3124832444266,0.0785659836153216,0.07875801422047618,0.1573663400378202,0.6695666402757435,0.6400000000000003,0.6400000000000003,0.8000000000000002,0.017233587523151413,0.008270960663119229,0.0,0.0,0.0,0.008320814911132872,0.0
Lao PDR,4667.34005886512,6769727.0,0.38614,0.4,0.16666666666666666,0.2472988860728427,3,0.2,1.5,0.06,0.8,0.05,0.1858338961143098,1.0,0.1261460291667706,0.8,0.2,5389.610932974499,1778.2565624276108,0.2385275,0.13250879999999998,1.221847458755492,0.11261016497803178,21611.110119860547,7921.938055120654,0.06649276669094872,0.05678758102563518,0.3,0.3999999999999998,0.4800000000000001,0.4800000000000001,0.6000000000000001,0.0007457648851344042,0.03178910750230326,0.0,0.0,5.1892188826449584e-05,0.026733562540539425,0.0
Latvia,21832.5707415661,2012647.0,0.6738200000000001,0.0,0.35,0.2393699080806075,3,0.2,1.5,0.06,0.8,0.05,0.05813304985866859,1.0,0.25437902239999993,0.8,0.2,25587.77290911547,6811.762071368623,0.1686562,0.08001866999999999,1.0610192988932563,0.7559228044269738,110349.75702257856,14643.481944280606,0.05702667961997932,0.04608813411591375,0.12597759214313936,0.43421459615058977,0.0,0.0,0.0,0.0,0.011571510230438375,0.0,0.0,0.0,0.009351926483849969,0.0
Lesotho,2493.613734139731,2074465.0,0.27312,0.4,0.16666666666666666,0.1992120956582078,3,0.2,1.5,0.06,0.8,0.05,0.022905123527444192,1.0,0.08183701978968558,0.8,0.2,3028.493880112703,354.0931502478417,0.11368269999999996,0.02873374,1.2232867229656623,0.10685310813734897,15192.556167417986,1816.681158026242,0.013678114364816672,0.012973775605872049,0.6416008539893611,0.6999999999999997,0.3200000000000002,0.3200000000000002,0.4000000000000001,0.001366694791354732,0.0017658117025783045,0.0,0.0,0.0,0.0015295108664668527,0.0
Liberia,849.830924236094,4294077.0,0.4970100000000001,0.0,0.0,0.4725120712732518,3,0.2,1.5,0.06,0.8,0.05,0.06371096829492359,1.0,0.12053409240502043,0.8,0.2,993.8772658941119,273.64555760402226,0.20074909999999999,0.0449625,1.2199209276990797,0.1203162892036815,2090.9616369657847,628.8435430598518,0.009669737682394616,0.009704582575660502,0.6734349004145419,0.6999999999999997,0.0,0.0,0.0,8.524716750777572e-05,0.00211395049696998,0.0,0.0,0.0,0.0021225965255849714,0.0
Lithuania,24469.622500843598,2957689.0,0.66508,0.0,0.35,0.3129644244946807,3,0.2,1.5,0.06,0.8,0.05,0.08022328388743118,1.0,0.34958729759999996,0.8,0.2,28436.76004879286,8601.072309046524,0.2553146,0.13165970000000002,1.0461665816687271,0.8153336733250917,95735.64978060294,7990.372578010691,0.02051342229082849,0.022684767445342556,0.2625238,0.4734920000000001,0.0,0.0,0.0,0.0,0.003264559166470987,0.0,0.0,0.0,0.003610112659556853,0.0
"Macedonia, FYR",11608.968970793701,2107158.0,0.57104,0.6666666666666667,0.3333333333333333,0.2639321665831752,3,0.2,1.5,0.06,0.8,0.05,0.12060126446835667,1.0,0.26625459746796404,0.8,0.2,13726.154686842205,3140.226106599697,0.1010828,0.04312311,1.1007655890127124,0.5969376439491509,53308.919613818936,6687.666263967962,0.024561392108839092,0.025183797553536384,0.16786880000000004,0.44721279999999997,0.4800000000000001,0.4800000000000001,0.6000000000000001,0.004349320667812514,0.0007898736442791471,0.0,0.0,0.0,0.0008734817466166449,0.0
Madagascar,1368.63241207592,22924851.0,0.35105,0.6,0.25,0.2940729838426214,3,0.2,1.5,0.06,0.8,0.05,0.05063647963397895,1.0,0.10347469108691797,0.8,0.2,1599.5891316137313,444.805533924674,0.01990471,0.00467687,1.1906787670028651,0.2372849319885381,5427.64980567894,1559.6854901494144,0.041306725439015486,0.03721153764380683,0.4424472127146907,0.6999999999999998,0.3200000000000002,0.3200000000000002,0.4000000000000001,5.3757120840343314e-05,0.005534833161721748,0.0011258594797789966,0.0,0.018034587195024147,0.004470442169082951,0.20341344479275505
Malawi,754.981975267971,16362567.0,0.16272000000000006,0.8,0.3333333333333333,0.25307656921941635,3,0.2,1.5,0.06,0.8,0.05,0.02283077842331048,1.0,0.03921037753841354,0.8,0.2,892.6718130074672,204.22262430998614,0.10417769999999996,0.05031624,1.1949966321928631,0.22001347122854864,3525.7429303212325,813.1063968241571,0.0274077947214306,0.027597259055809467,0.4424472127146907,0.6999999999999998,0.6400000000000003,0.6400000000000003,0.8000000000000002,0.0009787792674974592,0.0054847043711158975,0.0,0.0,0.0,0.00554458816691323,0.0
Malaysia,22589.3714474966,29716965.0,0.74705,0.8,0.7666666666666666,0.2505940745612133,3,0.2,1.5,0.06,0.8,0.05,0.10812063479528926,1.0,0.06179009613676378,0.8,0.2,26954.767479725324,5127.787318581728,0.4278625,0.2476379,1.114859852778904,0.5405605888843831,108028.85344020721,18600.978616969318,0.020209772444887003,0.022348868144183357,0.2229746344920704,0.39486964955708176,0.8,0.8,1.0,3.8817749041643094e-05,0.004151137062305356,0.0,0.0,0.0,0.004590534799951035,0.0
Mali,1589.1673480781,15301650.0,0.39916,0.6,0.3333333333333333,0.6438448659589122,3,0.2,1.5,0.06,0.8,0.05,0.09112497029457714,1.0,0.05073640864642166,0.8,0.2,1828.1383880453445,633.2831882091227,0.05730599,0.026048720000000004,1.2016336739452882,0.1934653042188469,2832.6459838373985,1010.644768177218,0.048808933958858984,0.027128427986245082,0.10000000000000003,0.6492645999999999,0.4800000000000001,0.4800000000000001,0.6000000000000001,0.0,0.015421417438146528,0.0,0.0,0.0,0.008571357300473243,0.0
Mauritania,2945.22956949672,3889880.0,0.59859,0.6666666666666667,0.3333333333333333,0.2381059708580064,3,0.2,1.5,0.06,0.8,0.05,0.06939216520184127,1.0,0.08652577966779466,0.8,0.2,3459.908436766272,886.5141004185127,0.08601067999999999,0.03011628,1.1897563987427962,0.24097440502881565,14513.378158562427,3793.520409140379,0.043999886526294114,0.04847435553864544,0.10000000000000002,0.5864441499999998,0.4800000000000001,0.4800000000000001,0.6000000000000001,0.00014197829382000228,0.01099007886477404,0.0,0.0,0.0,0.012153378393854749,0.0
Mexico,16290.8128214269,122332399.0,0.79246,0.5333333333333333,0.7666666666666666,0.3682630449767729,3,0.2,1.5,0.06,0.8,0.05,0.06110303858742192,1.0,0.26834065259696377,0.8,0.2,19373.849147881938,3958.667515606736,0.09345214,0.028012490000000004,1.1291018296071875,0.4835926815712502,53584.57809772454,6846.151318383263,0.006544983083335981,0.006272162750598401,0.3221211,0.6999999999999998,0.6400000000000003,0.6400000000000003,0.8000000000000002,0.0008814155344638666,0.0003796160300468834,6.905582074940657e-05,0.0,0.0003988671250411838,0.00032449563369146074,0.18190965418630511
Moldova,4521.084844788111,3558566.0,0.44995,0.6,0.375,0.25670477375728673,3,0.2,1.5,0.06,0.8,0.05,0.06282175635919181,1.0,0.3484590959142324,0.8,0.2,5171.555926832,1919.2005166125532,0.05443321,0.0071581230000000015,1.1081144159862033,0.5675423360551866,20482.767971950696,6128.935306741584,0.029591954815441964,0.023126814483363758,0.4153083161363591,0.6999999999999998,0.4800000000000001,0.4800000000000001,0.6000000000000001,0.00019072669962081376,0.005995681155423612,0.0,0.0,0.0,0.004579104105973711,0.0
Mongolia,9132.30570379131,2839073.0,0.7204,0.5333333333333333,0.5666666666666667,0.20767487925071607,3,0.2,1.5,0.06,0.8,0.05,0.047108300155032784,1.0,0.19638254401707594,0.8,0.2,10604.889998527657,3241.9685248459136,0.3040792,0.1190915,1.1033446739669737,0.586621304132105,51687.121726811194,13121.767423475398,0.0314805565740606,0.034427579612578404,0.12597759214313933,0.4342145961505898,0.4800000000000001,0.4800000000000001,0.6000000000000001,0.000707957265926274,0.005618649446870635,0.0,0.0,0.0,0.006213383327858903,0.0
Montenegro,14151.5411049103,621383.0,0.64026,0.0,0.175,0.3648966623915853,3,0.2,1.5,0.06,0.8,0.05,0.10630768483374672,1.0,0.28000076041694866,0.8,0.2,16230.048704694,5837.510705775498,0.04095249,0.02271427,1.027371966146869,0.8905121354125239,46280.83286412344,8788.295634845752,0.009614833017902029,0.011135720834818386,0.4409824761499999,0.6999999999999998,0.0,0.0,0.0,0.0012403752866611488,0.0006201235989720492,0.0,0.0,0.0,0.0008758152033125587,0.0
Morocco,6967.259245878559,33008150.0,0.60195,0.8666666666666666,0.75,0.26925696721882303,3,0.2,1.5,0.06,0.8,0.05,0.0562499278503009,1.0,0.1347079962539105,0.8,0.2,8141.242428809095,2271.32651415641,0.1725484,0.051415930000000006,1.08887303296848,0.6445078681260801,30556.722477062416,7152.4780212776905,0.014366646152383266,0.016385705167748878,0.2106528125,0.6999999999999998,0.6400000000000003,0.6400000000000003,0.8000000000000002,0.001729834564210456,0.0018269950443633343,0.0,0.0,0.0,0.002398692601310254,0.0
Nepal,2172.79039161762,27797457.0,0.18615,0.6,0.3333333333333333,0.2701993002713125,3,0.2,1.5,0.06,0.8,0.05,0.05837973990653034,1.0,0.34543894425971083,0.8,0.2,2491.3757827885543,898.4488269338858,0.1267821,0.05736111,1.1914285077993485,0.23428596880260685,9030.374545429391,4085.682026296996,0.027725878537183547,0.032386911827201645,0.398765875,0.6999999999999998,0.3200000000000002,0.3200000000000002,0.4000000000000001,0.001289495267529824,0.005402714804319048,0.0,0.0,0.0,0.007254164508599034,0.0
Netherlands,45021.1574077338,16804432.0,0.90496,0.8,0.9166666666666669,0.25251989485705195,3,0.2,1.5,0.06,0.8,0.05,0.32301091253359776,1.0,0.34042122622000004,0.8,0.2,51549.225231855205,18908.8861112482,0.6205978000000001,0.5146725000000001,1.114950227955853,0.5401990881765879,206904.371646567,63820.34315818954,0.013794495842443888,0.01493083892183336,0.2597572,0.2999999999999999,0.8,0.8,1.0,0.00026496520523239893,0.000754500848635101,0.0,0.0,0.0,0.0008343647415796267,0.0
Niger,886.809611289333,17831270.0,0.18732,0.6666666666666667,0.3333333333333333,0.23359231685535525,3,0.2,1.5,0.06,0.8,0.05,0.0402116515457816,1.0,0.06171220628792265,0.8,0.2,1009.1893376472607,397.29070585762133,0.0181079,0.002041873,1.1425283162610405,0.4298867349558375,4319.17124118812,1705.3094609987347,0.032023455066217954,0.017798913521998142,0.10399854999999997,0.6999999999999998,0.4800000000000001,0.4800000000000001,0.6000000000000001,0.0,0.011743961137830368,0.0,0.0,0.0,0.006527395256561755,0.0
Nigeria,5422.6933427295,173615345.0,0.47776,0.8,0.5916666666666667,0.8736444729486806,3,0.2,1.5,0.06,0.8,0.05,0.03767008873400431,1.0,0.007621300998835119,0.8,0.2,6413.012714445474,1461.4158558656006,0.33685740000000003,0.08466024000000001,1.2118229759321142,0.1527080962715426,7339.137317828075,1678.3482793303465,0.0062844029016837786,0.006060849692987839,0.6734349004145419,0.6999999999999997,0.6400000000000003,0.6400000000000003,0.8000000000000002,5.1659231506513776e-05,0.0017488693564556659,0.0,0.0,0.0,0.001679969679210188,0.0
Pakistan,4454.07482878434,182142594.0,0.38758000000000004,0.7333333333333333,0.5416666666666667,0.3767173581299691,3,0.2,1.5,0.06,0.8,0.05,0.07858921320019564,1.0,0.13072621298442735,0.8,0.2,5033.661315879902,2135.728880402091,0.01669716,0.01097432,1.1892265244483935,0.24309390220642546,13256.817940925714,6089.659440296321,0.014065694111781856,0.01495073176672018,0.5208940499999999,0.6999999999999998,0.4800000000000001,0.4800000000000001,0.6000000000000001,0.0010064877221473405,0.0034620497336242083,6.557529921681704e-05,0.0,2.7747318199246666e-05,0.0038285075975152388,0.018941177701734008
Panama,18793.3933318045,3864170.0,0.66592,0.6666666666666667,0.7166666666666667,0.5402427160644628,3,0.2,1.5,0.06,0.8,0.05,0.018588993329232188,1.0,0.1939619350909104,0.8,0.2,22740.005931483443,3006.94293308872,0.13441370000000002,0.1099336,1.2217305031039725,0.11307798758410915,41994.006718086115,5958.6951791605225,0.006522934826240351,0.008513782039732298,0.6764212741773349,0.6999999999999997,0.4800000000000001,0.4800000000000001,0.6000000000000001,0.0016030078865636884,0.00013498547053688982,0.0,8.764136210248461e-06,0.0,0.0007539525515952034,0.0
Paraguay,7833.074001567579,6802295.0,0.5966600000000001,0.8,0.6666666666666667,0.3682732130696673,3,0.2,1.5,0.06,0.8,0.05,0.02750425862617814,1.0,0.18432749780895116,0.8,0.2,9393.813996379919,1590.1140223182183,0.14778729999999998,0.02127697,1.1887288821825734,0.24508447126970664,25558.301466141063,4115.47391418703,0.01257328593519946,0.013904167886765451,0.371986975,0.6999999999999998,0.6400000000000003,0.6400000000000003,0.8000000000000002,0.0,0.0021706570308123183,0.0,0.0,0.0,0.0024004210145661888,0.0
Peru,11396.493020613101,30375603.0,0.78609,0.6,0.7666666666666666,0.27019867536419195,3,0.2,1.5,0.06,0.8,0.05,0.06888750343228058,1.0,0.14527350856055085,0.8,0.2,13644.451268929035,2404.660027349364,0.1296312,0.01947264,1.185333008976717,0.2586679640931324,50583.27731734113,8557.876877257822,0.08023999849487902,0.07750155434593403,0.143717125,0.5818234999999999,0.4800000000000001,0.4800000000000001,0.6000000000000001,0.03267582960306199,0.002781354734127735,0.0,6.161957860157321e-05,0.0,0.002287970113558396,0.0
Philippines,6326.2164238939795,98393574.0,0.4437300000000001,0.7333333333333333,0.6333333333333333,0.27365718828027585,3,0.2,1.5,0.06,0.8,0.05,0.053936886408158594,1.0,0.2259353935825975,0.8,0.2,7442.002845658278,1863.0707368367766,0.22188520000000006,0.0353108,1.188679829983247,0.24528068006701176,27111.59144000654,7140.154434260793,0.09394368252858153,0.09347172371273786,0.2229746344920704,0.3,0.4800000000000001,0.4800000000000001,0.6000000000000001,0.00545371195980974,0.003939252669152054,0.01975939089988208,0.00023746509727485903,0.031565181789277225,0.0038844461939714554,5.016025261495956
Poland,22835.2204608088,38514479.0,0.60539,0.6,0.7916666666666667,0.4132026319993685,3,0.2,1.5,0.06,0.8,0.05,0.057824445643935886,1.0,0.4966192308999999,0.8,0.2,26291.901958063725,9008.49447178907,0.2018166,0.1469539,1.1320434276299791,0.4718262894800838,64683.55005861466,17585.681252207458,0.0207966782394334,0.019753355089285544,0.12597759214313936,0.4342145961505898,0.8,0.8,1.0,0.000777993618708374,0.0020954892995057694,0.0,0.0,0.0,0.001960936622854465,0.0
Romania,18184.1097333037,19981358.0,0.5456399999999999,0.6,0.6916666666666667,0.2677480378213938,3,0.2,1.5,0.06,0.8,0.05,0.07368380748817263,1.0,0.4233798007,0.8,0.2,20704.881945082925,8101.020886186798,0.1082912,0.05476748000000002,1.101848399129354,0.5926064034825833,79163.63259169701,22920.50221353926,0.0155325212029968,0.016517594366446224,0.32583629999999997,0.6999999999999998,0.6400000000000003,0.6400000000000003,0.8000000000000002,0.0012808123896248583,0.0021910767606006967,0.0,0.0,0.0,0.0024751172794773763,0.0
Russian Federation,23564.2077363646,143499861.0,0.7400800000000001,0.0,0.25,0.3491630039272151,3,0.2,1.5,0.06,0.8,0.05,0.042546421105607364,1.0,0.261813236273846,0.8,0.2,27552.449895744303,7611.2390988457655,0.13612979999999994,0.06942263,1.0794123785263363,0.6823504858946539,81060.3374801952,13197.14544278695,0.01621776752608695,0.01664201662147276,0.14391789639329458,0.6020671383191284,0.0,0.0,0.0,0.0002705137316145252,0.0037551563021984286,0.0,0.0,0.0,0.003858121056272787,0.0
Rwanda,1426.3662876262301,11776522.0,0.28811,0.8,0.4833333333333333,0.7125778172498791,3,0.2,1.5,0.06,0.8,0.05,0.039113916642515366,1.0,0.023583534993565563,0.8,0.2,1690.9572339808954,368.0025022075673,0.1783742,0.1784206,1.148481036752662,0.4060758529893522,2374.803905274351,509.27926252909424,0.022428887223138974,0.014957347779907568,0.6824999999999998,0.7000000000000002,0.6400000000000003,0.6400000000000003,0.8000000000000002,0.0014058985813155049,0.0029364268266997592,0.0,0.0,0.0,0.0007166744392469282,0.0
Senegal,2170.07720699017,14133280.0,0.43721000000000004,0.6666666666666667,0.5083333333333333,0.2262101120163632,3,0.2,1.5,0.06,0.8,0.05,0.02929216907597723,1.0,0.21143304711144156,0.8,0.2,2548.7556796099543,655.3633165110314,0.04644672,0.02342184,1.2094070767678948,0.16237169292842088,11177.418406639275,3256.2901326844603,0.0029881797609539185,0.0022247791985685163,0.6849999999999998,0.6999999999999997,0.4800000000000001,0.4800000000000001,0.6000000000000001,3.259529647672195e-05,0.0006176860257175006,0.0,0.0,0.0,0.0004360136652123535,0.0
Serbia,12892.4963006621,7164132.0,0.5555300000000001,0.6,0.5083333333333333,0.2201204533701086,3,0.2,1.5,0.06,0.8,0.05,0.10955615626018066,1.0,0.2969229320267809,0.8,0.2,14766.742950370855,5395.509701827089,0.04309804,0.014522389999999996,1.121834852566544,0.5126605897338234,67667.10182751782,22182.53187513856,0.033369384600614074,0.03620701883230766,0.441348721575,0.6999999999999998,0.3200000000000002,0.3200000000000002,0.4000000000000001,0.0012574545051968465,0.00576319677243187,0.0,0.0,0.0,0.006373230983638351,0.0
Sierra Leone,1494.64854833896,6092075.0,0.39942,0.7333333333333333,0.3333333333333333,0.4068659912801502,3,0.2,1.5,0.06,0.8,0.05,0.051476908048758346,1.0,0.03835775955307328,0.8,0.2,1722.3956208921088,583.6602581263637,0.2132186,0.04347975,1.1886588388852743,0.2453646444589025,4228.007454457981,1455.793745354634,0.0064184514694815295,0.006361543695694333,0.6734349004145419,0.6999999999999997,0.6400000000000003,0.6400000000000003,0.8000000000000002,4.882756184625681e-05,0.003776862581193779,0.0,0.0,0.0,0.003739988547880009,0.0
Slovak Republic,25758.862634894904,5413393.0,0.53598,0.7333333333333333,0.625,0.305901886041796,3,0.2,1.5,0.06,0.8,0.05,0.14760856848130152,1.0,0.39299717899659997,0.8,0.2,29419.840986879335,11114.949226957151,0.4171376,0.29756340000000003,1.1318574521456002,0.4725701914175998,96733.878348106,34095.9318235662,0.015410357034371156,0.012283718846487266,0.44143322645,0.6999999999999998,0.6400000000000003,0.6400000000000003,0.8000000000000002,0.0003169666929472759,0.002288424773337053,0.0,0.0,0.0,0.0017589593479446642,0.0
Slovenia,27368.1720259118,2059953.0,0.4965,0.8666666666666666,0.6916666666666667,0.2213378830398852,3,0.2,1.5,0.06,0.8,0.05,0.1094184334155629,1.0,0.36398955647500003,0.8,0.2,30881.561109738224,13314.615690606091,0.3523933,0.200224,1.041023663009341,0.8359053479626349,145703.62082653661,35429.706301920734,0.030855483461541936,0.03189818613936345,0.34302908809524857,0.6999999999999998,0.8,0.8,1.0,0.0030121693690125383,0.0005463511729780647,0.0,0.0,0.0,0.0006159752633758011,0.0
South Africa,12454.1909220073,53157490.0,0.6480100000000001,0.7333333333333333,0.7166666666666667,0.41221819094326817,3,0.2,1.5,0.06,0.8,0.05,0.01739097661390025,1.0,0.10659646183321776,0.8,0.2,15186.329055522649,1525.6383879458942,0.27751079999999995,0.13653189999999998,1.039486083741796,0.8420556650328163,37488.978644693285,1107.1776820111234,0.005146435360792329,0.005319932007300096,0.6416008539893611,0.6999999999999997,0.4800000000000001,0.4800000000000001,0.6000000000000001,0.0007288525031120597,0.0009047497963510174,0.0,0.0,0.0,0.0010005175360534608,0.0
Spain,31682.6447411771,46617825.0,0.7957899999999999,0.8,0.7166666666666667,0.18299929671374224,3,0.2,1.5,0.06,0.8,0.05,0.044690329736260935,1.0,0.43366142417220005,0.8,0.2,37460.76707584928,8570.155402488406,0.4078074,0.2691136,1.1680997727482978,0.3276009090068088,206596.90489032128,39261.73839053456,0.009677930728232276,0.010624802851668507,0.10000000000000002,0.10499999999999997,0.6400000000000003,0.6400000000000003,0.8000000000000002,0.00011595273390794583,0.0011684351444087263,0.0,0.0,0.0,0.0012921139705551633,0.0
Sri Lanka,9425.737382585941,20483000.0,0.18356,0.6666666666666667,0.5083333333333333,0.33796080258900235,3,0.2,1.5,0.06,0.8,0.05,0.06235160323157399,1.0,0.08129921148931178,0.8,0.2,10872.588070812879,3638.3346296781733,0.32752829999999994,0.2101409,1.1492483044408144,0.4030067822367421,32181.6447469564,10723.577811107638,0.004345080304703503,0.003691721347440177,0.6738905766438061,0.7000000000000002,0.6400000000000003,0.6400000000000003,0.8000000000000002,0.0,0.0009382161493403452,0.00013606149077118477,1.2431299937177749e-05,1.2076119938972673e-05,0.0007952152796546503,0.14502147598594295
Sudan,3264.77297794563,37964306.0,0.33805999999999997,0.6666666666666667,0.3333333333333333,0.9487533644538988,3,0.2,1.5,0.06,0.8,0.05,0.10540888065744396,1.0,0.0597383613319241,0.8,0.2,3803.052422684416,1111.655198990487,0.049888190000000006,0.008296447,1.2499999999999998,0.0,3989.862544534181,1246.143500178338,0.010019526171054305,0.0072010569890719875,0.6,0.6999999999999997,0.4800000000000001,0.4800000000000001,0.6000000000000001,4.426178557594986e-05,0.0029959337485450047,0.0,0.0,0.0,0.0021144633744558643,0.0
Swaziland,6470.88419034393,1249514.0,0.21308000000000005,0.6,0.4166666666666667,0.19038060692098574,3,0.2,1.5,0.06,0.8,0.05,0.022691869071206704,1.0,0.10955794020641904,0.8,0.2,7761.01672579375,1310.3540485446456,0.2348936,0.09158991,1.1708468366165354,0.3166126535338579,40885.09807223857,6405.598928248848,0.018555603250847142,0.019880330310680514,0.2999999999999999,0.5379999999999999,0.4800000000000001,0.4800000000000001,0.6000000000000001,0.0016476422262794795,0.0019179298013608846,0.0,0.0,0.0,0.00224006271373416,0.0
Sweden,43540.494391932596,9600379.0,0.85815,0.7333333333333333,0.9166666666666669,0.357367643802592,3,0.2,1.5,0.06,0.8,0.05,0.03404651566690384,1.0,0.358228320468,0.8,0.2,49244.299157275775,20725.275330559918,0.6711391999999999,0.5881995,1.0982175937151877,0.6071296251392501,140026.76066509564,49076.45711924678,0.0016455406260399293,0.0018197210535790891,0.26086893749999995,0.3000000000000001,0.6400000000000003,0.6400000000000003,0.8000000000000002,0.0,0.00014696073448758985,0.0,0.0,0.0,0.00016251652397066045,0.0
Syrian Arab Republic,4959.392523364486,22845550.0,0.5765600000000001,0.6666666666666667,0.3333333333333333,0.270750756517352,3,0.2,1.5,0.06,0.8,0.05,0.05528907896355716,1.0,0.11658977550460248,0.8,0.2,5723.138971962616,1904.4067289719626,0.05367074,0.04674114,1.2130229697813566,0.14790812087457267,20995.350152097486,7604.539670352109,0.01294234309000775,0.012997649248533671,0.5,0.6999999999999998,0.4800000000000001,0.4800000000000001,0.6000000000000001,0.0014138364335776069,0.0008431633889971074,0.0,0.0,0.0,0.0008543485370227505,0.0
Tajikistan,2431.65906854526,8207834.0,0.26781999999999995,0.6,0.3333333333333333,0.3854263244630784,3,0.2,1.5,0.06,0.8,0.05,0.07494478340376348,1.0,0.23509852414132776,0.8,0.2,2785.7694204021636,1015.217661117646,0.0047790770000000005,0.0,1.0609609193706946,0.7561563225172216,7391.9353673563965,1977.3154481669571,0.1030461974204976,0.1053428358340808,0.12597759214313936,0.43421459615058977,0.4800000000000001,0.4800000000000001,0.6000000000000001,0.0206819283138263,0.013453174996699822,0.0,0.0,0.0,0.014132120373800157,0.0
Tanzania,2364.702756760789,49253126.0,0.31608,0.6666666666666667,0.3333333333333333,0.4132043671227497,3,0.2,1.5,0.06,0.8,0.05,0.01994023261418108,1.0,0.05508715963438852,0.8,0.2,2737.4390287952083,873.7576686231116,0.17232039999999998,0.0399119,1.1716744377352528,0.31330224905898857,6620.216059486825,2133.339106838648,0.009509659997168232,0.009109841005962543,0.4424472127146907,0.6999999999999998,0.6400000000000003,0.6400000000000003,0.8000000000000002,0.0011270567368729149,0.0016836814506423683,0.0,0.0,0.0,0.0014783544444664696,0.0
Thailand,13931.811471326699,67010502.0,0.50374,0.6666666666666667,0.7416666666666667,0.24033636299972685,3,0.2,1.5,0.06,0.8,0.05,0.17032805698914133,1.0,0.496683847729024,0.8,0.2,16237.526269831267,4708.952277308424,0.4738743,0.35081870000000004,1.2002297949870953,0.19908082005161906,65574.98373555968,27539.9231932223,0.02600355298300753,0.02857026388589887,0.123626645,0.6523445999999999,0.6400000000000003,0.6400000000000003,0.8000000000000002,0.00014815593903701597,0.01020323685696841,0.0,0.0,9.100487655836362e-08,0.011283249182344413,0.0
Togo,1345.9142762919698,6816982.0,0.39964,0.2,0.25,0.3708920312086315,3,0.2,1.5,0.06,0.8,0.05,0.02331605318040952,1.0,0.09408478348572086,0.8,0.2,1600.965031649298,325.7112548626567,0.04994747,0.01588689,1.1904806050676728,0.2380775797293073,4316.156257472139,879.6617576438972,0.006592943111399786,0.007357929208786434,0.6973988599523725,0.6999999999999997,0.1600000000000001,0.1600000000000001,0.20000000000000004,0.0,0.0017735631052221887,0.0,0.0,0.0,0.0019793514906834434,0.0
Turkey,18567.1347101229,74932641.0,0.7339699999999999,0.8666666666666666,0.6916666666666667,0.4121669094199699,3,0.2,1.5,0.06,0.8,0.05,0.029053408461022487,1.0,0.20902863839507535,0.8,0.2,21862.801121169712,5384.469065935641,0.05568721,0.02105567,1.1489184618632735,0.4043261525469056,53383.81559857427,11702.793909784528,0.012491500496259128,0.012735396283552736,0.22103853749999994,0.6999999999999998,0.6400000000000003,0.6400000000000003,0.8000000000000002,0.0045414614020723,0.0004656116541737924,0.0,0.0,0.0,0.0005148966342635144,0.0
Uganda,1620.57693909325,37578876.0,0.16101,0.6666666666666667,0.5916666666666667,0.5735745521051661,3,0.2,1.5,0.06,0.8,0.05,0.005528611190306575,1.0,0.13979308297109444,0.8,0.2,1908.0267736649148,470.77760080658913,0.2165355,0.086366,0.9995660134347929,1.0017359462608275,3408.196581996805,494.2084379531091,0.013297355208101446,0.01745986242194255,0.3820205969835944,0.6999999999999998,0.4800000000000001,0.4800000000000001,0.6000000000000001,0.0012651082425539134,0.0013591056706930818,0.0,0.0,0.0,0.002677641022858011,0.0
Ukraine,8508.01478731021,45489600.0,0.69695,0.0,0.05,0.2458541924399426,3,0.2,1.5,0.06,0.8,0.05,0.03942413210103664,1.0,0.3205803170794824,0.8,0.2,9549.183096907296,4343.341548921862,0.08083077000000001,0.014264940000000004,1.0531051510314866,0.7875793958740532,39971.919652807555,13142.008270935747,0.010244341993487557,0.011306927363534659,0.4153083161363591,0.6999999999999998,0.0,0.0,0.0,2.882617262792559e-05,0.0033156364721251106,0.0,0.0,0.0,0.0036665964965330216,0.0
United Kingdom,36931.4742257195,64106779.0,0.8259200000000001,0.8,0.8916666666666666,0.3031281747480405,3,0.2,1.5,0.06,0.8,0.05,0.039702368788305784,1.0,0.4298112880104,0.8,0.2,43500.66020361936,10654.730314120075,0.4958916,0.4119409000000001,1.1352035017195592,0.4591859931217638,147424.75898071518,19473.54027228927,0.007278937241804763,0.007571753446416214,0.2616344,0.2999999999999999,0.8,0.8,1.0,0.0004343719689760088,0.0003173063276500061,2.0811957578086325e-06,0.0,1.2421579747529434e-06,0.0003508931932286246,0.006558948172329625
United States,51340.4876279117,316128839.0,0.8161700000000001,0.7333333333333333,0.9166666666666669,0.3187368533465751,3,0.2,1.5,0.06,0.8,0.05,0.03695696893703195,1.0,0.11538,0.8,0.2,61159.355886749814,12065.01459255925,0.6209439999999999,0.33614190000000005,0.9292121684867394,1.283151326053042,197385.5065165849,15832.173510249466,0.006146934567777189,0.006505464067905524,0.27848915166168753,0.3927198494711082,0.6400000000000003,0.6400000000000003,0.8000000000000002,0.0009274408682754756,0.0003761351525150738,0.0005511463887947571,0.0,0.0012686406715450365,0.0004159490474993918,1.4652881686528079
Uruguay,18965.8165353822,3407062.0,0.95311,0.6666666666666667,0.6333333333333333,0.29188665397069,3,0.2,1.5,0.06,0.8,0.05,0.017541884117561222,1.0,0.2125739772251163,0.8,0.2,22467.380413227133,4959.561024002445,0.08380116000000001,0.01661895,1.178730687376066,0.2850772504957361,77076.35522616447,16577.82191203261,0.0036408006639609227,0.004026179308643611,0.4000574124999999,0.6999999999999998,0.4800000000000001,0.4800000000000001,0.6000000000000001,0.0,0.00047732123293400466,0.0,0.0,0.0,0.0005278456715958711,0.0
Uzbekistan,5002.14912007417,30243200.0,0.36365,0.0,0.0,0.730183656731034,3,0.2,1.5,0.06,0.8,0.05,0.04642191618416965,1.0,0.2438273564246102,0.8,0.2,5787.486531925814,1860.7994726675915,0.009112436,0.0068921519999999995,1.0721988979691974,0.71120440812321,8113.39110695956,1799.1134701329227,0.052615302574615684,0.05336883796704391,0.12597759214313933,0.4342145961505898,0.0,0.0,0.0,0.00994997230838318,0.002777419436477829,0.0,0.0,0.0,0.0030714092032728918,0.0
"Venezuela, RB",17614.5982099448,30405207.0,0.8898999999999999,0.0,0.05,0.3131698078545005,3,0.2,1.5,0.06,0.8,0.05,0.03348260034475498,1.0,0.10523654069336187,0.8,0.2,21089.07770685641,3716.6802222983533,0.1806533,0.06972021,1.1813559335643726,0.2745762657425094,67445.85599539195,11447.361492627537,0.009188211289519068,0.009518642503026312,0.6764212741773349,0.6999999999999997,0.0,0.0,0.0,0.00261379197028119,0.00019304596697432042,1.8651842645045488e-05,0.0,2.7566897663318606e-05,0.00024878866383555267,0.09661865998747651
Vietnam,5124.60351980227,89708900.0,0.3359300000000001,0.5333333333333333,0.5916666666666667,0.2697045509948559,3,0.2,1.5,0.06,0.8,0.05,0.21090055076081826,1.0,0.2473288002342341,0.8,0.2,5955.429865450213,1801.2981372104978,0.1027114,0.03995232,1.1632366342832827,0.3470534628668686,22074.369545896378,6706.545680661636,0.04480580742008765,0.04114678639308155,0.217246825,0.3,0.6400000000000003,0.6400000000000003,0.8000000000000002,3.6318369649279915e-05,0.021067495460909996,0.0003827614231119424,0.0,0.00032309557201916367,0.019298055514955927,0.018168340124821335
"Yemen, Rep.",3832.28473991896,24407381.0,0.34606000000000003,0.33333333333333337,0.16666666666666666,0.2191314756601725,3,0.2,1.5,0.06,0.8,0.05,0.01983274670164713,1.0,0.0807873653534856,0.8,0.2,4414.7920203866415,1502.255618048232,0.016879240000000004,0.0,1.1169201633334649,0.5323193466661393,20200.69117732021,6639.824913536269,0.021405047390482174,0.0218706503370389,0.3,0.2999999999999999,0.1600000000000001,0.1600000000000001,0.20000000000000004,0.0019326639161914008,0.001917730339600173,0.0,0.0,0.0,0.0020303183778772674,0.0
Zambia,3799.54043558048,14538640.0,0.40922,0.8666666666666666,0.5416666666666667,0.425750249346411,3,0.2,1.5,0.06,0.8,0.05,0.01859221189872716,1.0,0.10816905053638777,0.8,0.2,4579.396109983373,680.1177379689059,0.17678870000000002,0.02737125,1.1900688416583771,0.2397246333664915,10772.4944947808,1531.7273682410212,0.008478560230470228,0.013807305801766949,0.4424472127146907,0.6999999999999998,0.6400000000000003,0.6400000000000003,0.8000000000000002,0.0007873851350866058,0.0011856720505928043,0.0,0.0,0.0,0.0030090528748168486,0.0
